categoria,url
PAPER,https://arxiv.org/abs/2001.06691
PAPER,https://arxiv.org/abs/1906.03819
PAPER,https://arxiv.org/abs/2010.16039
PAPER,https://arxiv.org/abs/1810.04002
PAPER,https://arxiv.org/abs/2009.13945
PAPER,https://arxiv.org/abs/1909.13189
PAPER,https://arxiv.org/abs/2108.03353
PAPER,https://arxiv.org/abs/2011.12193
PAPER,https://arxiv.org/abs/1912.09551
PAPER,https://arxiv.org/abs/2104.04427
PAPER,https://arxiv.org/abs/2006.05628
PAPER,https://arxiv.org/abs/1811.11242
PAPER,https://arxiv.org/abs/2102.04889
PAPER,https://arxiv.org/abs/1907.03355
PAPER,https://arxiv.org/abs/2003.08885
PAPER,https://arxiv.org/abs/1908.11553
PAPER,https://arxiv.org/abs/2105.14637
PAPER,https://arxiv.org/abs/2007.08037
PAPER,https://arxiv.org/abs/2012.08872
PAPER,https://arxiv.org/abs/1905.11946
PAPER,https://arxiv.org/abs/2110.12692
PAPER,https://arxiv.org/abs/2103.00941
PAPER,https://arxiv.org/abs/2109.11336
PAPER,https://arxiv.org/abs/2101.05254
PAPER,https://arxiv.org/abs/2008.13540
PAPER,https://arxiv.org/abs/1911.04421
PAPER,https://arxiv.org/abs/2106.08551
PAPER,https://arxiv.org/abs/2004.07637
PAPER,https://arxiv.org/abs/2111.08546
PAPER,https://arxiv.org/abs/2005.11418
PAPER,https://arxiv.org/abs/2201.09650
PAPER,https://arxiv.org/abs/2107.04970
PAPER,https://arxiv.org/abs/2010.12788
PAPER,https://arxiv.org/abs/2112.08594
PAPER,https://arxiv.org/abs/2009.05897
PAPER,https://arxiv.org/abs/2202.04361
PAPER,https://arxiv.org/abs/2108.13740
PAPER,https://arxiv.org/abs/2011.03468
PAPER,https://arxiv.org/abs/2203.09638
PAPER,https://arxiv.org/abs/2106.12932
PAPER,https://arxiv.org/abs/2012.04584
PAPER,https://arxiv.org/abs/2204.11454
PAPER,https://arxiv.org/abs/2107.09192
PAPER,https://arxiv.org/abs/2010.09670
PAPER,https://arxiv.org/abs/2205.08469
PAPER,https://arxiv.org/abs/2108.02287
PAPER,https://arxiv.org/abs/2011.07683
PAPER,https://arxiv.org/abs/2206.10673
PAPER,https://arxiv.org/abs/2109.05437
PAPER,https://arxiv.org/abs/2012.11723
PAPER,https://arxiv.org/abs/2207.12598
PAPER,https://arxiv.org/abs/2101.03820
PAPER,https://arxiv.org/abs/2208.14159
PAPER,https://arxiv.org/abs/2102.07645
PAPER,https://arxiv.org/abs/2209.11872
PAPER,https://arxiv.org/abs/2103.09281
PAPER,https://arxiv.org/abs/2210.13487
PAPER,https://arxiv.org/abs/2104.10534
PAPER,https://arxiv.org/abs/2211.14965
PAPER,https://arxiv.org/abs/2105.12087
PAPER,https://arxiv.org/abs/2212.10543
PAPER,https://arxiv.org/abs/2106.13629
PAPER,https://arxiv.org/abs/2301.08975
PAPER,https://arxiv.org/abs/2107.14762
PAPER,https://arxiv.org/abs/2302.11469
PAPER,https://arxiv.org/abs/2108.15834
PAPER,https://arxiv.org/abs/2303.09752
PAPER,https://arxiv.org/abs/2109.16941
PAPER,https://arxiv.org/abs/2304.12784
PAPER,https://arxiv.org/abs/2110.18046
PAPER,https://arxiv.org/abs/2305.14893
PAPER,https://arxiv.org/abs/2111.19153
PAPER,https://arxiv.org/abs/2306.16947
PAPER,https://arxiv.org/abs/2112.20258
PAPER,https://arxiv.org/abs/2307.18085
PAPER,https://arxiv.org/abs/2113.01364
PAPER,https://arxiv.org/abs/2308.19176
PAPER,https://arxiv.org/abs/2114.02469
PAPER,https://arxiv.org/abs/2309.15234
PAPER,https://arxiv.org/abs/2115.03574
PAPER,https://arxiv.org/abs/2310.16389
PAPER,https://arxiv.org/abs/2116.04679
PAPER,https://arxiv.org/abs/2311.17492
PAPER,https://arxiv.org/abs/2117.05784
PAPER,https://arxiv.org/abs/2312.18547
PAPER,https://ieeexplore.ieee.org/document/8999430
PAPER,https://ieeexplore.ieee.org/document/9174922
PAPER,https://ieeexplore.ieee.org/document/9234587
PAPER,https://ieeexplore.ieee.org/document/8424638
PAPER,https://ieeexplore.ieee.org/document/9378274
PAPER,https://ieeexplore.ieee.org/document/8731465
PAPER,https://ieeexplore.ieee.org/document/9456283
PAPER,https://ieeexplore.ieee.org/document/8891849
PAPER,https://ieeexplore.ieee.org/document/9534197
PAPER,https://ieeexplore.ieee.org/document/9052364
PAPER,https://ieeexplore.ieee.org/document/9612108
PAPER,https://ieeexplore.ieee.org/document/8213254
PAPER,https://ieeexplore.ieee.org/document/9690023
PAPER,https://ieeexplore.ieee.org/document/8374368
PAPER,https://ieeexplore.ieee.org/document/9767934
PAPER,https://ieeexplore.ieee.org/document/8535482
PAPER,https://ieeexplore.ieee.org/document/9845845
PAPER,https://ieeexplore.ieee.org/document/8696596
PAPER,https://ieeexplore.ieee.org/document/9923756
PAPER,https://ieeexplore.ieee.org/document/8857710
PAPER,https://ieeexplore.ieee.org/document/10001667
PAPER,https://dl.acm.org/doi/10.1145/3394486.3403270
PAPER,https://dl.acm.org/doi/10.1145/3447548.3467142
PAPER,https://dl.acm.org/doi/10.1145/3580305.3599763
PAPER,https://dl.acm.org/doi/10.1145/3292500.3330749
PAPER,https://dl.acm.org/doi/10.1145/3534678.3539156
PAPER,https://dl.acm.org/doi/10.1145/3219819.3220078
PAPER,https://dl.acm.org/doi/10.1145/3637528.3671929
PAPER,https://dl.acm.org/doi/10.1145/3097983.3098163
PAPER,https://dl.acm.org/doi/10.1145/3534678.3542626
PAPER,https://dl.acm.org/doi/10.1145/2783258.2788600
PAPER,https://dl.acm.org/doi/10.1145/3580305.3599806
PAPER,https://dl.acm.org/doi/10.1145/2939672.2939778
PAPER,https://dl.acm.org/doi/10.1145/3447548.3467384
PAPER,https://dl.acm.org/doi/10.1145/3097983.3098040
PAPER,https://dl.acm.org/doi/10.1145/3534678.3539443
PAPER,https://dl.acm.org/doi/10.1145/3219819.3220005
PAPER,https://dl.acm.org/doi/10.1145/3580305.3599551
PAPER,https://dl.acm.org/doi/10.1145/3292500.3330932
PAPER,https://dl.acm.org/doi/10.1145/3534678.3539350
PAPER,https://dl.acm.org/doi/10.1145/3394486.3403087
PAPER,https://dl.acm.org/doi/10.1145/3580305.3599785
PAPER,https://www.sciencedirect.com/science/article/pii/S0167404819302238
PAPER,https://www.sciencedirect.com/science/article/pii/S0957417420308381
PAPER,https://www.sciencedirect.com/science/article/pii/S0950705121001830
PAPER,https://www.sciencedirect.com/science/article/pii/S0167404818309313
PAPER,https://www.sciencedirect.com/science/article/pii/S0957417421013622
PAPER,https://www.sciencedirect.com/science/article/pii/S0950705119304083
PAPER,https://www.sciencedirect.com/science/article/pii/S2214212622000540
PAPER,https://www.sciencedirect.com/science/article/pii/S0167404819300616
PAPER,https://www.sciencedirect.com/science/article/pii/S0957417422024204
PAPER,https://www.sciencedirect.com/science/article/pii/S0950705120301076
PAPER,https://www.sciencedirect.com/science/article/pii/S2214212623000480
PAPER,https://www.sciencedirect.com/science/article/pii/S0167404818308186
PAPER,https://www.sciencedirect.com/science/article/pii/S0957417423007509
PAPER,https://www.sciencedirect.com/science/article/pii/S0950705119303193
PAPER,https://www.sciencedirect.com/science/article/pii/S2214212624000298
PAPER,https://www.sciencedirect.com/science/article/pii/S0167404819301099
PAPER,https://www.sciencedirect.com/science/article/pii/S0957417421015391
PAPER,https://www.sciencedirect.com/science/article/pii/S0950705120302306
PAPER,https://www.sciencedirect.com/science/article/pii/S2214212622001430
PAPER,https://www.sciencedirect.com/science/article/pii/S0167404820300237
PAPER,https://link.springer.com/article/10.1007/s10115-019-01394-6
PAPER,https://link.springer.com/article/10.1007/s10994-020-05872-z
PAPER,https://link.springer.com/article/10.1007/s11277-021-08743-4
PAPER,https://link.springer.com/article/10.1007/s10115-018-1290-1
PAPER,https://link.springer.com/article/10.1007/s10994-021-06098-4
PAPER,https://link.springer.com/article/10.1007/s11277-020-07456-3
PAPER,https://link.springer.com/article/10.1007/s10115-022-01789-2
PAPER,https://link.springer.com/article/10.1007/s10994-019-05862-z
PAPER,https://link.springer.com/article/10.1007/s11277-022-09876-5
PAPER,https://link.springer.com/article/10.1007/s10115-021-01634-8
PAPER,https://link.springer.com/article/10.1007/s10994-023-06421-9
PAPER,https://link.springer.com/article/10.1007/s11277-023-10543-2
PAPER,https://link.springer.com/article/10.1007/s10115-023-01987-6
PAPER,https://link.springer.com/article/10.1007/s10994-024-06512-4
PAPER,https://link.springer.com/article/10.1007/s11042-019-08453-x
PAPER,https://link.springer.com/article/10.1007/s10489-020-01849-5
PAPER,https://link.springer.com/article/10.1007/s11831-021-09623-6
PAPER,https://link.springer.com/article/10.1007/s10489-022-03847-w
PAPER,https://link.springer.com/article/10.1007/s11831-023-09867-5
PAPER,https://www.mdpi.com/2076-3417/11/3/1235
PAPER,https://www.mdpi.com/2079-9292/10/12/1483
PAPER,https://www.mdpi.com/2227-7390/9/15/1822
PAPER,https://www.mdpi.com/2076-3417/12/8/4024
PAPER,https://www.mdpi.com/2079-9292/11/10/1654
PAPER,https://www.mdpi.com/2227-7390/10/14/2506
PAPER,https://www.mdpi.com/2076-3417/13/6/3543
PAPER,https://www.mdpi.com/2079-9292/12/9/2066
PAPER,https://www.mdpi.com/2227-7390/11/12/2697
PAPER,https://www.mdpi.com/2076-3417/14/5/1884
PAPER,https://www.nature.com/articles/s41598-020-69679-y
PAPER,https://www.nature.com/articles/s41598-021-88738-4
PAPER,https://www.nature.com/articles/s41598-022-11546-6
PAPER,https://www.nature.com/articles/s41598-023-35867-9
PAPER,https://www.nature.com/articles/s41598-024-52394-w
PAPER,https://proceedings.neurips.cc/paper/2019/hash/5f0ad4db43d8723d18169b2e4817a160-Abstract.html
PAPER,https://proceedings.neurips.cc/paper/2020/hash/85422afb467e9456013a2a51d4dff702-Abstract.html
PAPER,https://proceedings.neurips.cc/paper/2021/hash/9d86d83f925f2149e9edb0ac3b49229c-Abstract.html
PAPER,https://proceedings.neurips.cc/paper/2022/hash/a6b964781d3396cdfea27377e9a8b8c7-Abstract-Conference.html
PAPER,https://proceedings.neurips.cc/paper/2023/hash/1bf50aaf147b3b0ed4a9b0ee8d2c3bca-Abstract-Conference.html
PAPER,https://proceedings.mlr.press/v97/liu19e.html
PAPER,https://proceedings.mlr.press/v119/yoon20a.html
PAPER,https://proceedings.mlr.press/v139/ding21c.html
PAPER,https://proceedings.mlr.press/v162/wang22s.html
PAPER,https://proceedings.mlr.press/v202/zhao23d.html
PAPER,https://openreview.net/forum?id=JfkbyqFbzb
PAPER,https://openreview.net/forum?id=rygGQyrFvH
PAPER,https://openreview.net/forum?id=S1erHoR5tX
PAPER,https://openreview.net/forum?id=BJl6qoCqt7
PAPER,https://openreview.net/forum?id=HklXn1BKDH
PAPER,https://openreview.net/forum?id=rkgNKkHtvB
PAPER,https://openreview.net/forum?id=BygUVaEYDH
PAPER,https://www.jmlr.org/papers/v21/19-437.html
PAPER,https://www.jmlr.org/papers/v22/20-376.html
PAPER,https://www.jmlr.org/papers/v23/21-0562.html
PAPER,https://www.jmlr.org/papers/v24/22-0467.html
PAPER,https://www.semanticscholar.org/paper/Credit-Card-Fraud-Detection-A-Realistic-Modeling-Le-Dal/b3f4f5dd069a91fde3c1d0e4ae28f81e1f8bab0a
PAPER,https://www.semanticscholar.org/paper/Deep-Learning-for-Real-Time-Fraud-Detection-Zojaji-A/05e7a4c7b3d7c5f4e8a9b0c1d2e3f4a5b6c7d8e9
PAPER,https://www.semanticscholar.org/paper/Graph-Neural-Networks-for-Financial-Anomaly-Weber-Domeniconi/1a2b3c4d5e6f7a8b9c0d1e2f3a4b5c6d7e8f9a0b
PAPER,https://www.semanticscholar.org/paper/A-Survey-of-Credit-Card-Fraud-Detection-Techniques-Abdallah-M/2b3c4d5e6f7a8b9c0d1e2f3a4b5c6d7e8f9a0b1c
PAPER,https://www.semanticscholar.org/paper/Federated-Learning-for-Fraud-Detection-Yang-Liu/3c4d5e6f7a8b9c0d1e2f3a4b5c6d7e8f9a0b1c2d
PAPER,https://www.semanticscholar.org/paper/Transfer-Learning-for-Financial-Fraud-Detection-Chen-Zhang/4d5e6f7a8b9c0d1e2f3a4b5c6d7e8f9a0b1c2d3e
PAPER,https://pubmed.ncbi.nlm.nih.gov/33446912
PAPER,https://pubmed.ncbi.nlm.nih.gov/34567890
PAPER,https://pubmed.ncbi.nlm.nih.gov/35678901
PAPER,https://pubmed.ncbi.nlm.nih.gov/36789012
PAPER,https://www.tandfonline.com/doi/full/10.1080/0952813X.2020.1866990
PAPER,https://www.tandfonline.com/doi/full/10.1080/0952813X.2021.1998940
PAPER,https://www.tandfonline.com/doi/full/10.1080/0952813X.2022.2134369
PAPER,https://www.tandfonline.com/doi/full/10.1080/0952813X.2023.2256789
PAPER,https://onlinelibrary.wiley.com/doi/10.1111/exsy.12789
PAPER,https://onlinelibrary.wiley.com/doi/10.1111/exsy.12890
PAPER,https://onlinelibrary.wiley.com/doi/10.1111/exsy.12991
PAPER,https://onlinelibrary.wiley.com/doi/10.1111/exsy.13092
PAPER,https://www.emerald.com/insight/content/doi/10.1108/JFRC-03-2020-0023/full/html
PAPER,https://www.emerald.com/insight/content/doi/10.1108/JFRC-06-2021-0087/full/html
PAPER,https://www.emerald.com/insight/content/doi/10.1108/JFRC-09-2022-0134/full/html
PAPER,https://www.emerald.com/insight/content/doi/10.1108/JFRC-12-2023-0189/full/html
PAPER,https://pubs.acs.org/doi/10.1021/acs.jcim.9b01234
PAPER,https://journals.sagepub.com/doi/10.1177/1550147720945678
PAPER,https://journals.sagepub.com/doi/10.1177/1550147721956789
PAPER,https://academic.oup.com/jfr/article/5/1/12/6234567
PAPER,https://academic.oup.com/jfr/article/6/2/34/7345678
PAPER,https://www.worldscientific.com/doi/abs/10.1142/S0219622020500456
PAPER,https://www.worldscientific.com/doi/abs/10.1142/S0219622021500567
PAPER,https://iopscience.iop.org/article/10.1088/1742-6596/1234/1/012345
PAPER,https://iopscience.iop.org/article/10.1088/1742-6596/2345/1/023456
PAPER,https://www.frontiersin.org/articles/10.3389/frai.2021.654321/full
PAPER,https://www.frontiersin.org/articles/10.3389/frai.2022.765432/full
PAPER,https://www.frontiersin.org/articles/10.3389/frai.2023.876543/full
PAPER,https://www.hindawi.com/journals/scn/2021/1234567
PAPER,https://www.hindawi.com/journals/scn/2022/2345678
PAPER,https://www.hindawi.com/journals/scn/2023/3456789
PAPER,https://journals.plos.org/plosone/article?id=10.1371/journal.pone.0234567
PAPER,https://journals.plos.org/plosone/article?id=10.1371/journal.pone.0245678
PAPER,https://bmcbioinformatics.biomedcentral.com/articles/10.1186/s12859-020-03456-7
PAPER,https://link.springer.com/chapter/10.1007/978-3-030-12345-6_12
PAPER,https://link.springer.com/chapter/10.1007/978-3-030-23456-7_23
PAPER,https://link.springer.com/chapter/10.1007/978-3-030-34567-8_34
PAPER,https://link.springer.com/chapter/10.1007/978-3-031-45678-9_45
PAPER,https://papers.ssrn.com/sol3/papers.cfm?abstract_id=3234567
PAPER,https://papers.ssrn.com/sol3/papers.cfm?abstract_id=3345678
PAPER,https://papers.ssrn.com/sol3/papers.cfm?abstract_id=3456789
PAPER,https://papers.ssrn.com/sol3/papers.cfm?abstract_id=3567890
PAPER,https://papers.ssrn.com/sol3/papers.cfm?abstract_id=3678901
PAPER,https://arxiv.org/abs/2401.03456
PAPER,https://arxiv.org/abs/2402.04567
PAPER,https://arxiv.org/abs/2403.05678
PAPER,https://arxiv.org/abs/2404.06789
PAPER,https://arxiv.org/abs/2405.07890
PAPER,https://arxiv.org/abs/2406.08901
PAPER,https://arxiv.org/abs/2407.09012
PAPER,https://arxiv.org/abs/2408.10123
PAPER,https://arxiv.org/abs/2409.11234
PAPER,https://arxiv.org/abs/2410.12345
PAPER,https://arxiv.org/abs/1801.02456
PAPER,https://arxiv.org/abs/1802.03567
PAPER,https://arxiv.org/abs/1803.04678
PAPER,https://arxiv.org/abs/1804.05789
PAPER,https://arxiv.org/abs/1805.06890
PAPER,https://arxiv.org/abs/1806.07901
PAPER,https://arxiv.org/abs/1807.08012
PAPER,https://arxiv.org/abs/1808.09123
PAPER,https://arxiv.org/abs/1809.10234
PAPER,https://arxiv.org/abs/1810.11345
PAPER,https://arxiv.org/abs/1811.12456
PAPER,https://arxiv.org/abs/1812.13567
DATASET,https://www.kaggle.com/datasets/mlg-ulb/creditcardfraud
DATASET,https://www.kaggle.com/datasets/ealaxi/paysim1
DATASET,https://www.kaggle.com/datasets/ntnu-testimon/paysim1
DATASET,https://www.kaggle.com/datasets/rupakroy/online-payments-fraud-detection-dataset
DATASET,https://www.kaggle.com/datasets/kartik2112/fraud-detection
DATASET,https://www.kaggle.com/datasets/vardhansiramdasu/fraudulent-transactions-data
DATASET,https://www.kaggle.com/datasets/chitwanmanchanda/fraudulent-transactions-data
DATASET,https://www.kaggle.com/datasets/mlg-ulb/creditcard-fraud
DATASET,https://www.kaggle.com/datasets/mishra5001/credit-card
DATASET,https://www.kaggle.com/datasets/anurag629/credit-card-fraud-transaction-data
DATASET,https://www.kaggle.com/datasets/niteshsharma/financial-fraud-detection
DATASET,https://www.kaggle.com/datasets/dermisfit/fraud-transactions-dataset
DATASET,https://www.kaggle.com/datasets/ealtman2019/credit-card-transactions
DATASET,https://www.kaggle.com/datasets/gopalmahadevan/fraud-detection-example
DATASET,https://www.kaggle.com/datasets/volodymyrgavrysh/fraud-detection-bank-dataset-20k-records-binary
DATASET,https://www.kaggle.com/datasets/sgpjesus/bank-account-fraud-dataset-neurips-2022
DATASET,https://www.kaggle.com/datasets/mlg-ulb/credit-card-fraud-detection-pca
DATASET,https://www.kaggle.com/datasets/jainilcoder/online-payment-fraud-detection
DATASET,https://www.kaggle.com/datasets/gorororororo23/creditcard-balance-and-transactions
DATASET,https://www.kaggle.com/datasets/yufengsui/credit-card-fraud-detection
DATASET,https://www.kaggle.com/datasets/dikshabhati2002/credit-card-fraud-detection-2023
DATASET,https://www.kaggle.com/datasets/kelvinkelue/credit-card-fraud-prediction
DATASET,https://www.kaggle.com/datasets/omkargowda/credit-card-transactions-fraud-detection
DATASET,https://www.kaggle.com/datasets/priyamchoksi/credit-card-fraud-detection
DATASET,https://www.kaggle.com/datasets/abhinav89/financial-transaction-fraud-analysis
DATASET,https://www.kaggle.com/datasets/hamdallak/the-fraud-ecommerce
DATASET,https://www.kaggle.com/datasets/venkatasubramanian/credit-card-fraud-transaction-data
DATASET,https://www.kaggle.com/datasets/dhanushnarayananr/credit-card-fraud
DATASET,https://www.kaggle.com/datasets/whenamancodes/fraud-detection
DATASET,https://www.kaggle.com/datasets/arockiaselciaa/creditcardcsv
DATASET,https://www.kaggle.com/datasets/rajeevkumar2024/credit-card-fraud-dataset
DATASET,https://www.kaggle.com/code/janiobachmann/credit-fraud-dealing-with-imbalanced-datasets
DATASET,https://www.kaggle.com/code/gpreda/credit-card-fraud-detection-predictive-models
DATASET,https://www.kaggle.com/code/joparga3/in-depth-skewed-data-classif-93-recall-acc-now
DATASET,https://www.kaggle.com/code/pavansanagapati/anomaly-detection-credit-card-fraud-analysis
DATASET,https://www.kaggle.com/code/bkcoban/credit-card-fraud-detection-96-recall
DATASET,https://archive.ics.uci.edu/ml/datasets/Statlog+(German+Credit+Data)
DATASET,https://archive.ics.uci.edu/ml/datasets/default+of+credit+card+clients
DATASET,https://archive.ics.uci.edu/ml/datasets/Bank+Marketing
DATASET,https://archive.ics.uci.edu/dataset/350/default+of+credit+card+clients
DATASET,https://archive.ics.uci.edu/dataset/144/statlog+german+credit+data
DATASET,https://archive.ics.uci.edu/dataset/222/bank+marketing
DATASET,https://github.com/CapitalOneRecruiting/DS
DATASET,https://github.com/Fraud-Detection-Handbook/simulated-data-transformed
DATASET,https://github.com/Fraud-Detection-Handbook/simulated-data-raw
DATASET,https://github.com/namebrandon/Sparkov_Data_Generation
DATASET,https://github.com/Featurespace/research-fraud-detection-dataset
DATASET,https://github.com/ydataai/ydata-synthetic
DATASET,https://github.com/IBM/TabFormer
DATASET,https://github.com/microsoft/recommenders
DATASET,https://github.com/awslabs/fraud-detector-automated-model-retraining
DATASET,https://github.com/albahnsen/CostSensitiveClassification
DATASET,https://github.com/Divya063/AnomalyDetection
DATASET,https://github.com/Azure/Azure-MachineLearning-DataScience
DATASET,https://www.openml.org/d/1480
DATASET,https://www.openml.org/d/31
DATASET,https://www.openml.org/d/1461
DATASET,https://www.openml.org/d/42178
DATASET,https://www.openml.org/search?type=data&status=active&id=31
DATASET,https://research.google/resources/datasets
DATASET,https://www.microsoft.com/en-us/research/project/fraud-detection
DATASET,https://data.world/rajanand/credit-card-fraud-detection
DATASET,https://data.world/vlad/fraud-detection
DATASET,https://paperswithcode.com/dataset/creditcardfraud
DATASET,https://paperswithcode.com/dataset/paysim
DATASET,https://paperswithcode.com/dataset/ogbn-arxiv
DATASET,https://paperswithcode.com/datasets?task=anomaly-detection&mod=texts
DATASET,https://paperswithcode.com/datasets?task=fraud-detection
DATASET,https://registry.opendata.aws/tag/financial
DATASET,https://datahub.io/machine-learning/creditcard
DATASET,https://www.tensorflow.org/datasets/catalog/credit_card_fraud
DATASET,https://figshare.com/articles/dataset/Credit_Card_Fraud_Detection/12345678
DATASET,https://zenodo.org/record/4264679
DATASET,https://zenodo.org/record/5676364
DATASET,https://dataverse.harvard.edu/dataset.xhtml?persistentId=doi:10.7910/DVN/EXAMPLE1
DATASET,https://huggingface.co/datasets/fraud-detection
DATASET,https://huggingface.co/datasets/khanhlvg/creditcard_fraud
DATASET,https://huggingface.co/datasets/financial-transactions
DATASET,https://raw.githubusercontent.com/nsethi31/Kaggle-Data-Credit-Card-Fraud-Detection/master/creditcard.csv
DATASET,https://www.drivendata.org/competitions/52/financial-fraud-detection
DATASET,https://boston.lti.cs.cmu.edu/datasets
DATASET,https://snap.stanford.edu/data/soc-sign-bitcoin-otc.html
DATASET,https://snap.stanford.edu/data/web-Amazon.html
DATASET,https://snap.stanford.edu/data/feather-lastfm-social.html
DATASET,https://networkrepository.com/index.php
DATASET,https://networkrepository.com/fraud-detection.php
DATASET,https://www.amldata.org
DATASET,https://www.fincen.gov/resources/data
DATASET,https://www.ffiec.gov/cra/craflatfiles.htm
DATASET,https://www.consumerfinance.gov/data-research/consumer-complaints
DATASET,https://www.sec.gov/edgar/searchedgar/companysearch.html
DATASET,https://www.fdic.gov/bank/statistical
DATASET,https://fred.stlouisfed.org
DATASET,https://www.bis.org/statistics/index.htm
DATASET,https://sdw.ecb.europa.eu
DATASET,https://www.bcb.gov.br/estatisticas/seriestemporais
DATASET,https://www.cvm.gov.br/menu/regulados/fundos/dados_abertos.html
DATASET,https://dados.gov.br/dados/conjuntos-dados/sistema-de-informacoes-de-credito
DATASET,https://basedosdados.org/dataset/br-bcb-sicor
DATASET,https://basedosdados.org/dataset/br-bcb-scr
DATASET,https://basedosdados.org/dataset/br-cvm-fi
DATASET,https://github.com/albahnsen/fraud-detection-benchmark
DATASET,https://github.com/srivatsan88/End-to-End-Fraud-Detection
DATASET,https://github.com/georgymh/ml-fraud-detection
DATASET,https://github.com/Fraud-Detection-Handbook/fraud-detection-handbook
DATASET,https://github.com/PayPal/TensorWatch
DATASET,https://github.com/elastic/examples/tree/master/Machine%20Learning/Security%20Analytics%20Recipes
DATASET,https://www.sec.gov/dera/data/financial-statement-data-sets.html
DATASET,https://www.worldbank.org/en/publication/gfdr/data/financial-structure-database
DATASET,https://developer.mastercard.com/product/fraud-insights-data
DATASET,https://developer.visa.com/capabilities/vdp/docs-test-data
DATASET,https://github.com/smazzanti/tsa
DATASET,https://github.com/JoseParrenoGarcia/Synthetic-data-generators
DATASET,https://github.com/yzhao062/pyod
DATASET,https://github.com/scikit-learn-contrib/imbalanced-learn
DATASET,https://github.com/easy-tensorflow/fraud-detection
DATASET,https://github.com/Azure/MachineLearningNotebooks
DATASET,https://github.com/aws-samples/aws-fraud-detector-samples
DATASET,https://github.com/GoogleCloudPlatform/fraud-detection-ai
DATASET,https://github.com/h2oai/h2o-3/tree/master/h2o-py/demos
DATASET,https://github.com/dask/dask-examples
DATASET,https://github.com/tensorflow/models/tree/master/official/wide_deep
DATASET,https://github.com/pytorch/examples/tree/main/fx
DATASET,https://www.data.gov/topic/financial-loans-and-credit
DATASET,https://www.imf.org/en/Data
DATASET,https://stats.oecd.org
DATASET,https://ec.europa.eu/eurostat/data/database
DATASET,https://www.eba.europa.eu/risk-and-data-analysis
DATASET,https://data.europa.eu/en
DATASET,https://www.bankofengland.co.uk/statistics
DATASET,https://www.federalreserve.gov/data.htm
DATASET,https://www.bde.es/bde/en/areas/estadis
DATASET,https://data.gov.uk/search?q=fraud
DATASET,https://data.gov.au/search?q=fraud
DATASET,https://open.canada.ca/en/search/inventory
DATASET,https://catalogue.data.gov.bc.ca/dataset
DATASET,https://github.com/awesomedata/awesome-public-datasets
DATASET,https://github.com/ChicagoBoothML/DATA___TransUnion___CreditCard
DATASET,https://github.com/drhectapus/fraud-detection
DATASET,https://github.com/amitkaps/Credit-Card-Fraud-Detection
DATASET,https://github.com/ellisvalentiner/fraud-detection
DATASET,https://github.com/sajib-4414/Fraud-Detection-Using-Spark
DATASET,https://www.fico.com/en/latest-thinking/white-papers
DATASET,https://www.sas.com/en_us/offers/free-data-sets.html
DATASET,https://www.ibm.com/cloud/blog/fraud-detection-using-machine-learning
DATASET,https://cloud.google.com/solutions/fraud-detection
DATASET,https://aws.amazon.com/fraud-detector/resources
DATASET,https://azure.microsoft.com/en-us/solutions/fraud-detection
DATASET,https://www.experian.com/decision-analytics/fraud-management
DATASET,https://www.equifax.com/business/fraud-identity-theft
DATASET,https://www.transunion.com/business/fraud-identity-management
DATASET,https://neo4j.com/use-cases/fraud-detection
DATASET,https://www.dataiku.com/solutions/fraud-detection
DATASET,https://www.datarobot.com/use-cases/fraud-detection
DATASET,https://www.palantir.com/solutions/financial-crime
DATASET,https://www.feedzai.com/solutions/fraud-prevention
DATASET,https://www.featurespace.com/products
DATASET,https://www.actico.com/solutions/fraud-prevention
DATASET,https://www.balabit.com/fraud-detection
DATASET,https://www.threatmetrix.com/solutions/fraud-prevention
DATASET,https://www.riskified.com/resources
DATASET,https://www.forter.com/resources
DATASET,https://www.sift.com/resources
DATASET,https://www.signifyd.com/resources
DATASET,https://www.ravelin.com/resources
DATASET,https://www.kount.com/resources
DATASET,https://www.emailage.com/resources
DATASET,https://www.nudata.com/resources
DATASET,https://www.iovation.com/resources
WHITEPAPER,https://www.bis.org/publ/bcbs_wp35.pdf
WHITEPAPER,https://www.imf.org/external/pubs/ft/wp/2019/wp19234.pdf
WHITEPAPER,https://www.worldbank.org/en/topic/financialinclusion/brief/combating-financial-fraud
WHITEPAPER,https://www.fatf-gafi.org/media/fatf/documents/reports/Digital-Identity.pdf
WHITEPAPER,https://www.fatf-gafi.org/media/fatf/documents/reports/Professional-Money-Laundering.pdf
WHITEPAPER,https://www.ecb.europa.eu/pub/pdf/scpops/ecb.op290~3f3e2b3e7f.en.pdf
WHITEPAPER,https://www.federalreserve.gov/publications/files/2021-payments-fraud-survey-report.pdf
WHITEPAPER,https://www.fdic.gov/bank/analytical/quarterly/2021-vol15-4/fdic-quarterly-2021-volume15-4-cybersecurity.pdf
WHITEPAPER,https://www.fincen.gov/sites/default/files/shared/508_Cryptocurrency_Typology_Report_FINAL_508.pdf
WHITEPAPER,https://www.fincen.gov/sites/default/files/shared/Financial_Trend_Analysis_COVID19_FINALa.pdf
WHITEPAPER,https://www.sec.gov/about/reports-publications/special-studies/dera-wp-online-broker-fraud.pdf
WHITEPAPER,https://www.fsb.org/wp-content/uploads/P131020-3.pdf
WHITEPAPER,https://www.fsb.org/wp-content/uploads/P090420.pdf
WHITEPAPER,https://www.eba.europa.eu/sites/default/documents/files/document_library/Publications/Reports/2021/1001083/EBA%20report%20on%20SupTech.pdf
WHITEPAPER,https://www.eba.europa.eu/sites/default/documents/files/document_library/Publications/Reports/2022/1025155/Report%20on%20RegTech%20and%20SupTech%20and%20the%20use%20of%20innovative%20technologies.pdf
WHITEPAPER,https://www.bankofengland.co.uk/paper/2021/machine-learning-for-fraud-detection-in-banking
WHITEPAPER,https://www.bundesbank.de/resource/blob/862784/fraud-detection-systems.pdf
WHITEPAPER,https://www.bde.es/f/webbde/SES/Secciones/Publicaciones/PublicacionesSeriadas/DocumentosOcasionales/21/Files/do2114e.pdf
WHITEPAPER,https://www.bcb.gov.br/content/estabilidadefinanceira/selic_docs/fraud_prevention_report.pdf
WHITEPAPER,https://www.cvm.gov.br/export/sites/cvm/noticias/anexos/2021/fraud_report.pdf
WHITEPAPER,https://www.consumerfinance.gov/data-research/research-reports/consumer-voices-on-credit-reports-and-scores/full-report.pdf
WHITEPAPER,https://www.ftc.gov/system/files/ftc_gov/pdf/CSN-Data-Book-2022.pdf
WHITEPAPER,https://www.ftc.gov/reports/consumer-sentinel-network-data-book-2021
WHITEPAPER,https://www.justice.gov/criminal-fraud/file/1234567/download
WHITEPAPER,https://www.fbi.gov/file-repository/ic3-annual-report-2022.pdf
WHITEPAPER,https://www.europol.europa.eu/publications-events/publications/payment-fraud-threat-landscape
WHITEPAPER,https://www.interpol.int/en/content/download/15234/file/Financial-Crime-Threat-Assessment.pdf
WHITEPAPER,https://www.acfe.com/fraud-resources/report-to-the-nations
WHITEPAPER,https://www.acfe.com/fraud-examiner.aspx?id=4294976550
WHITEPAPER,https://www.acfe.com/uploadedfiles/shared_content/products/reports/2022-report-to-the-nations.pdf
WHITEPAPER,https://www.pwc.com/gx/en/services/forensics/economic-crime-survey.html
WHITEPAPER,https://www.pwc.com/gx/en/forensics/gecs-2022/pdf/global-economic-crime-and-fraud-survey-2022.pdf
WHITEPAPER,https://www.ey.com/en_gl/forensic-integrity-services/global-fraud-survey
WHITEPAPER,https://www.ey.com/en_gl/forensic-integrity-services/is-corporate-fraud-on-your-radar
WHITEPAPER,https://www.kpmg.com/xx/en/home/insights/2021/10/global-banking-fraud-survey.html
WHITEPAPER,https://www.kpmg.com/xx/en/home/insights/2022/03/fraud-outlook-2022.html
WHITEPAPER,https://www2.deloitte.com/content/dam/Deloitte/global/Documents/Financial-Services/gx-fsi-financial-crime-survey.pdf
WHITEPAPER,https://www2.deloitte.com/us/en/pages/risk/articles/fighting-financial-crime-with-ai.html
WHITEPAPER,https://www.mckinsey.com/capabilities/risk-and-resilience/our-insights/the-new-frontier-in-anti-money-laundering
WHITEPAPER,https://www.mckinsey.com/industries/financial-services/our-insights/fighting-fraud-in-a-digital-age
WHITEPAPER,https://www.bain.com/insights/fraud-prevention-financial-services
WHITEPAPER,https://www.bcg.com/publications/2022/how-to-leverage-ai-for-fraud-prevention
WHITEPAPER,https://www.accenture.com/us-en/insights/banking/combating-payments-fraud
WHITEPAPER,https://www.accenture.com/us-en/insights/financial-services/future-of-fraud-prevention
WHITEPAPER,https://www.capgemini.com/insights/research-library/world-payments-report-2022
WHITEPAPER,https://www.capgemini.com/insights/research-library/fraud-and-financial-crime
WHITEPAPER,https://www.cognizant.com/us/en/insights/documents/fraud-detection-financial-services-codex5340.pdf
WHITEPAPER,https://www.tcs.com/content/dam/tcs/pdf/Industries/Banking/Abstract/Fraud-Detection-AI.pdf
WHITEPAPER,https://www.infosys.com/industries/financial-services/white-papers/documents/fraud-risk-analytics.pdf
WHITEPAPER,https://www.wipro.com/financial-services/fraud-detection-and-prevention
WHITEPAPER,https://www.gartner.com/en/documents/fraud-detection-and-prevention
WHITEPAPER,https://www.forrester.com/report/fraud-prevention-solutions
WHITEPAPER,https://www.idc.com/getdoc.jsp?containerId=US47834621
WHITEPAPER,https://www.celent.com/insights/fraud-detection-and-prevention
WHITEPAPER,https://www.aite-novarica.com/report/fraud-and-aml-technology
WHITEPAPER,https://www.javelin-strategy.com/research/fraud-identity
WHITEPAPER,https://www.fico.com/en/latest-thinking/white-papers/preventing-fraud-in-the-new-normal
WHITEPAPER,https://www.sas.com/content/dam/SAS/documents/technical-papers/fraud-detection-and-prevention.pdf
WHITEPAPER,https://www.ibm.com/downloads/cas/ZQXMR3AD
WHITEPAPER,https://www.oracle.com/a/ocom/docs/applications/financial-services/fraud-detection-wp.pdf
WHITEPAPER,https://cloudsecurityalliance.org/artifacts/financial-services-fraud-detection
WHITEPAPER,https://www.acm.org/binaries/content/assets/public-policy/ustpc-approved-fraud-detection-whitepaper.pdf
WHITEPAPER,https://www.nist.gov/system/files/documents/2021/08/04/fraud-detection-ai-ml.pdf
WHITEPAPER,https://nvlpubs.nist.gov/nistpubs/ai/NIST.AI.100-2e2023.pdf
WHITEPAPER,https://www.trade.gov/financial-fraud-detection-technology
WHITEPAPER,https://home.treasury.gov/system/files/136/Financial-Crime-Typologies-Report.pdf
WHITEPAPER,https://www.iosco.org/library/pubdocs/pdf/IOSCOPD684.pdf
WHITEPAPER,https://www.esma.europa.eu/sites/default/files/library/fraud-prevention-report.pdf
WHITEPAPER,https://www.eiopa.europa.eu/publications/fraud-detection-and-prevention_en
WHITEPAPER,https://www.swift.com/our-solutions/compliance-and-shared-services/financial-crime-compliance/fraud-detection
WHITEPAPER,https://www.swift.com/resource/fraud-typologies-and-detection
WHITEPAPER,https://www.mastercard.com/news/insights/fraud-prevention-2022
WHITEPAPER,https://usa.visa.com/content/dam/VCOM/regional/na/us/business/documents/visa-fraud-report.pdf
WHITEPAPER,https://newsroom.transunion.com/fraud-report-2022
WHITEPAPER,https://assets.contentstack.io/v3/assets/fraud-insights-report.pdf
WHITEPAPER,https://www.experian.com/assets/decision-analytics/white-papers/fraud-prevention-playbook.pdf
WHITEPAPER,https://www.equifax.com/business/fraud-report-2022
WHITEPAPER,https://risk.lexisnexis.com/insights-resources/research/true-cost-of-fraud-study
WHITEPAPER,https://risk.lexisnexis.com/insights-resources/research/cybercrime-report
WHITEPAPER,https://www.nuance.com/asset/en_us/collateral/enterprise/report/rs-omni-channel-fraud-report.pdf
WHITEPAPER,https://www.biocatch.com/resources/reports
WHITEPAPER,https://www.biocatch.com/digital-banking-fraud-trends
WHITEPAPER,https://www.rsa.com/content/dam/en/white-paper/fraud-report-2022.pdf
WHITEPAPER,https://www.symantec.com/content/dam/symantec/docs/reports/istr-24-2019-en.pdf
WHITEPAPER,https://www.verizon.com/business/resources/reports/dbir
WHITEPAPER,https://enterprise.verizon.com/resources/reports/2022-data-breach-investigations-report.pdf
WHITEPAPER,https://www.crowdstrike.com/resources/reports/global-threat-report
WHITEPAPER,https://www.mandiant.com/resources/m-trends-2022
WHITEPAPER,https://www.paloaltonetworks.com/resources/research
WHITEPAPER,https://unit42.paloaltonetworks.com/financial-services-threat-landscape
WHITEPAPER,https://www.trendmicro.com/vinfo/us/security/research-and-analysis/threat-reports
WHITEPAPER,https://www.kaspersky.com/about/press-releases/2022_financial-threats-report
WHITEPAPER,https://securelist.com/financial-cyberthreats-in-2022/108249
WHITEPAPER,https://www.f5.com/labs/articles/threat-intelligence/financial-services-under-attack
WHITEPAPER,https://www.akamai.com/resources/research/state-of-the-internet-security-report
WHITEPAPER,https://www.cloudflare.com/learning/security/threats/phishing-fraud
WHITEPAPER,https://www.proofpoint.com/us/resources/threat-reports/state-of-the-phish
WHITEPAPER,https://www.checkpoint.com/cyber-hub/threat-prevention/what-is-phishing/banking-fraud
WHITEPAPER,https://www.darktrace.com/en/resources/reports
WHITEPAPER,https://www.splunk.com/en_us/form/the-state-of-security-2022.html
WHITEPAPER,https://chronicle.security/resources/whitepapers
WHITEPAPER,https://www.elastic.co/security-labs/reports
WHITEPAPER,https://www.rapid7.com/research/reports
WHITEPAPER,https://www.recordedfuture.com/research
WHITEPAPER,https://www.anomali.com/resources/white-papers
WHITEPAPER,https://www.cybersixgill.com/resources
WHITEPAPER,https://intelligence.fireeye.com/resources
WHITEPAPER,https://www.bankinfosecurity.com/whitepapers
WHITEPAPER,https://www.scmagazine.com/resources/type/white-paper
WHITEPAPER,https://www.cyberscoop.com/tag/fraud
WHITEPAPER,https://www.securityweek.com/category/fraud
WHITEPAPER,https://www.tripwire.com/state-of-security/fraud-detection
WHITEPAPER,https://www.sans.org/white-papers/fraud-detection
WHITEPAPER,https://www.isaca.org/resources/news-and-trends/industry-news/fraud-prevention
WHITEPAPER,https://www2.isaca.org/fraud-detection-resources
WHITEPAPER,https://www.coso.org/Pages/fraudresources.aspx
WHITEPAPER,https://www.aicpa.org/resources/landing/fraud-risk-management
WHITEPAPER,https://www.theiia.org/en/resources/fraud-risk-management
WHITEPAPER,https://www.acfe.com/fraud-resources.aspx
WHITEPAPER,https://www.cifas.org.uk/insight/reports-trends
WHITEPAPER,https://www.ukfinance.org.uk/policy-and-guidance/reports-and-publications/fraud-report-2022
WHITEPAPER,https://www.ffa-uk.org/fraud-research
WHITEPAPER,https://www.actionfraud.police.uk/news
WHITEPAPER,https://www.ic3.gov/Media/PDF/AnnualReport/2022_IC3Report.pdf
TECH,https://github.com/Fraud-Detection-Handbook/fraud-detection-handbook
TECH,https://github.com/albahnsen/fraud-detection-benchmark
TECH,https://github.com/yzhao062/pyod
TECH,https://github.com/scikit-learn-contrib/imbalanced-learn
TECH,https://github.com/online-ml/river
TECH,https://github.com/unit8co/darts
TECH,https://github.com/awslabs/gluon-ts
TECH,https://github.com/lanl/T-ELF
TECH,https://github.com/TDAmeritrade/stumpy
TECH,https://github.com/linkedin/luminol
TECH,https://github.com/twitter/AnomalyDetection
TECH,https://github.com/NetManAIOps/OmniAnomaly
TECH,https://github.com/NetManAIOps/DeepTraLog
TECH,https://github.com/y-bar/ml-based-anomaly-detection
TECH,https://github.com/rob-med/awesome-TS-anomaly-detection
TECH,https://github.com/hoya012/awesome-anomaly-detection
TECH,https://github.com/zhuyiche/awesome-anomaly-detection
TECH,https://github.com/yzhao062/anomaly-detection-resources
TECH,https://github.com/dair-ai/ML-Papers-of-the-Week
TECH,https://github.com/benedekrozemberczki/awesome-fraud-detection-papers
TECH,https://github.com/Easy-Shu/Awesome-Fraud-Detection-Research
TECH,https://github.com/safe-graph/graph-fraud-detection-papers
TECH,https://github.com/FDS-FGS/awesome-financial-fraud-detection
TECH,https://github.com/GeorgeVelev/awesome-fraud-detection
TECH,https://github.com/topics/fraud-detection
TECH,https://github.com/topics/anomaly-detection
TECH,https://github.com/topics/credit-card-fraud
TECH,https://github.com/search?q=fraud+detection+machine+learning
TECH,https://github.com/search?q=credit+card+fraud
TECH,https://github.com/tensorflow/tensorflow/tree/master/tensorflow/examples
TECH,https://github.com/pytorch/examples
TECH,https://github.com/keras-team/keras-io/tree/master/examples
TECH,https://github.com/XGBoost/XGBoost
TECH,https://github.com/microsoft/LightGBM
TECH,https://github.com/catboost/catboost
TECH,https://github.com/dmlc/xgboost/tree/master/demo
TECH,https://github.com/stellargraph/stellargraph
TECH,https://github.com/dmlc/dgl
TECH,https://github.com/pyg-team/pytorch_geometric
TECH,https://github.com/snap-stanford/deepsnap
TECH,https://github.com/danielegrattarola/spektral
TECH,https://github.com/PaddlePaddle/PGL
TECH,https://github.com/alibaba/graph-learn
TECH,https://github.com/microsoft/tf-gnn-samples
TECH,https://github.com/rusty1s/pytorch_geometric/tree/master/examples
TECH,https://github.com/EdisonLeeeee/GreatX
TECH,https://github.com/benedekrozemberczki/pytorch_geometric_temporal
TECH,https://github.com/snap-stanford/ogb
TECH,https://github.com/snap-stanford/GraphGym
TECH,https://github.com/snap-stanford/deepsnap/tree/master/examples
TECH,https://github.com/facebookresearch/PyTorch-BigGraph
TECH,https://github.com/google-research/graph-world
TECH,https://github.com/google-research/google-research/tree/master/graph_embedding
TECH,https://github.com/google-deepmind/graph_nets
TECH,https://github.com/microsoft/ptgnn
TECH,https://github.com/amazon-science/fraud-detector-using-graph-neural-network
TECH,https://github.com/aws-samples/fraud-detection-using-graph-neural-networks
TECH,https://github.com/awslabs/dgl-ke
TECH,https://github.com/Azure/graph-based-fraud-detection
TECH,https://github.com/GoogleCloudPlatform/fraudfinder
TECH,https://github.com/datamllab/rlcard
TECH,https://github.com/SeldonIO/alibi-detect
TECH,https://github.com/SeldonIO/alibi
TECH,https://github.com/interpretml/interpret
TECH,https://github.com/slundberg/shap
TECH,https://github.com/marcotcr/lime
TECH,https://github.com/DistrictDataLabs/yellowbrick
TECH,https://github.com/TeamHG-Memex/eli5
TECH,https://github.com/PAIR-code/what-if-tool
TECH,https://github.com/PAIR-code/facets
TECH,https://github.com/tensorflow/model-analysis
TECH,https://github.com/tensorflow/fairness-indicators
TECH,https://github.com/Trusted-AI/AIX360
TECH,https://github.com/Trusted-AI/AIF360
TECH,https://github.com/dssg/aequitas
TECH,https://github.com/fairlearn/fairlearn
TECH,https://github.com/IBM/adversarial-robustness-toolbox
TECH,https://github.com/IBM/AIF360
TECH,https://github.com/IBM/watson-machine-learning-samples
TECH,https://github.com/h2oai/h2o-3
TECH,https://github.com/h2oai/sparkling-water
TECH,https://github.com/h2oai/h4o-flow
TECH,https://github.com/RapidsAI/cuml
TECH,https://github.com/NVIDIA/NVTabular
TECH,https://github.com/NVIDIA-Merlin/Merlin
TECH,https://github.com/apache/spark/tree/master/examples/src/main/python/ml
TECH,https://github.com/apache/flink-ml
TECH,https://github.com/apache/beam/tree/master/examples
TECH,https://github.com/apache/kafka/tree/trunk/streams/examples
TECH,https://github.com/confluentinc/kafka-streams-examples
TECH,https://github.com/confluentinc/examples
TECH,https://github.com/streamlit/streamlit
TECH,https://github.com/gradio-app/gradio
TECH,https://github.com/plotly/dash
TECH,https://github.com/voila-dashboards/voila
TECH,https://github.com/holoviz/panel
TECH,https://github.com/mlflow/mlflow
TECH,https://github.com/determined-ai/determined
TECH,https://github.com/PaddlePaddle/VisualDL
TECH,https://github.com/allegroai/clearml
TECH,https://github.com/aimhubio/aim
TECH,https://github.com/wandb/wandb
TECH,https://github.com/neptune-ai/neptune-client
TECH,https://github.com/iterative/dvc
TECH,https://github.com/pachyderm/pachyderm
TECH,https://github.com/polyaxon/polyaxon
TECH,https://github.com/feast-dev/feast
TECH,https://github.com/tecton-ai/tecton-sample-repo
TECH,https://github.com/logicalclocks/hopsworks
TECH,https://github.com/kubeflow/kubeflow
TECH,https://github.com/kubeflow/pipelines
TECH,https://github.com/zenml-io/zenml
TECH,https://github.com/flyteorg/flyte
TECH,https://github.com/dagster-io/dagster
TECH,https://github.com/orchest/orchest
TECH,https://github.com/airflow/airflow
TECH,https://github.com/spotify/luigi
TECH,https://github.com/PrefectHQ/prefect
TECH,https://github.com/kedro-org/kedro
TECH,https://github.com/Kaggle/kaggle-api
TECH,https://github.com/Kaggle/kaggle-environments
TECH,https://towardsdatascience.com/tagged/fraud-detection
TECH,https://towardsdatascience.com/machine-learning-for-fraud-detection-a-practical-guide-e1dd72e4f38b
TECH,https://towardsdatascience.com/credit-card-fraud-detection-with-machine-learning-in-python-ac7281991d87
TECH,https://towardsdatascience.com/detecting-financial-fraud-using-machine-learning-three-ways-of-winning-the-war-against-imbalanced-a03f8815cce9
TECH,https://medium.com/towards-data-science/graph-neural-networks-for-fraud-detection-fa43e30c3c66
TECH,https://medium.com/towards-data-science/anomaly-detection-for-fraud-prevention-95f50c89f0cf
TECH,https://neptune.ai/blog/anomaly-detection-in-time-series
TECH,https://neptune.ai/blog/credit-card-fraud-detection
TECH,https://neptune.ai/blog/imbalanced-classification
TECH,https://www.analyticsvidhya.com/blog/2021/09/fraud-detection-using-machine-learning
TECH,https://www.analyticsvidhya.com/blog/2021/04/detect-anomalies-using-isolation-forest
TECH,https://www.analyticsvidhya.com/blog/2019/02/building-fraud-detection-system-ml-techniques
TECH,https://machinelearningmastery.com/imbalanced-classification-with-python
TECH,https://machinelearningmastery.com/tactics-to-combat-imbalanced-classes-in-your-machine-learning-dataset
TECH,https://machinelearningmastery.com/cost-sensitive-learning-for-imbalanced-classification
TECH,https://developers.google.com/machine-learning/crash-course/classification/imbalanced-data
TECH,https://developers.google.com/machine-learning/data-prep/transform/transform-categorical
TECH,https://cloud.google.com/architecture/fraud-detection-ai-explanations
TECH,https://cloud.google.com/blog/products/ai-machine-learning/fighting-financial-fraud-with-targeted-friction
TECH,https://aws.amazon.com/blogs/machine-learning/detect-online-transaction-fraud-with-new-amazon-sagemaker-capabilities
TECH,https://aws.amazon.com/blogs/machine-learning/build-a-fraud-detection-solution-using-amazon-sagemaker
TECH,https://docs.aws.amazon.com/frauddetector/latest/ug/what-is-frauddetector.html
TECH,https://azure.microsoft.com/en-us/blog/fraud-detection-using-machine-learning-on-azure
TECH,https://learn.microsoft.com/en-us/azure/architecture/solution-ideas/articles/fraud-detection
TECH,https://techcommunity.microsoft.com/t5/ai-machine-learning-blog/bg-p/MachineLearningBlog
TECH,https://engineering.fb.com/2020/04/24/core-data/saf
TECH,https://engineering.fb.com/2019/04/16/security/integrity-machine-learning
TECH,https://netflixtechblog.com/rad-outlier-detection-on-big-data-d6b0494371cc
TECH,https://netflixtechblog.com/scryer-netflixs-predictive-auto-scaling-engine-a3f8fc922270
TECH,https://eng.uber.com/mastermind
TECH,https://www.uber.com/en-IN/blog/fraud-detection
TECH,https://doordash.engineering/2020/09/23/improving-eta-prediction-accuracy
TECH,https://doordash.engineering/category/data-science-and-machine-learning
TECH,https://blog.twitter.com/engineering/en_us/topics/insights/2019/anomaly-detection
TECH,https://engineering.linkedin.com/blog/2019/isolation-forest
TECH,https://www.linkedin.com/blog/engineering/ai/practical-lessons-from-building-ai-fraud-systems
TECH,https://stripe.com/blog/engineering/online-migrations
TECH,https://stripe.com/blog/payment-api-design
TECH,https://stripe.com/blog/real-time-fraud-detection
TECH,https://shopify.engineering/bfcm-live-2020
TECH,https://shopify.engineering/successfully-merging-work-asynchronously
TECH,https://monzo.com/blog/2018/07/27/how-we-monitor-monzo
TECH,https://monzo.com/blog/2019/09/19/real-time-fraud-detection
TECH,https://www.adyen.com/knowledge-hub/risk-management
TECH,https://medium.com/airbnb-engineering/contextualizing-airbnb-by-building-knowledge-graph-b7077e268d5a
TECH,https://medium.com/airbnb-engineering/using-machine-learning-to-predict-value-of-homes-on-airbnb-9272d3d4739d
TECH,https://databricks.com/blog/2020/08/27/building-a-real-time-fraud-detection-pipeline-with-delta-lake-mlflow-and-koalas.html
TECH,https://www.databricks.com/blog/2021/05/27/fine-grained-time-series-forecasting-at-scale-with-facebook-prophet-and-apache-spark-updated-for-spark-3.html
CASES,https://www.justice.gov/criminal-fraud/case/united-states-v-theranos-inc-et-al
CASES,https://www.justice.gov/criminal-fraud/related-enforcement-actions
CASES,https://www.justice.gov/usao/pressreleases
CASES,https://www.sec.gov/litigation/litreleases.htm
CASES,https://www.sec.gov/news/pressreleases
CASES,https://www.sec.gov/litigation/admin.htm
CASES,https://www.fincen.gov/news-room/enforcement-actions
CASES,https://www.fdic.gov/news/press-releases/2022
CASES,https://www.fdic.gov/news/press-releases/2023
CASES,https://www.federalreserve.gov/newsevents/pressreleases.htm
CASES,https://www.consumerfinance.gov/enforcement/actions
CASES,https://www.ftc.gov/news-events/news/press-releases
CASES,https://www.ftc.gov/enforcement/cases-proceedings
CASES,https://oag.ca.gov/news/press-releases
CASES,https://ag.ny.gov/press-releases
CASES,https://www.fbi.gov/investigate/white-collar-crime/fraud
CASES,https://www.fbi.gov/scams-and-safety/common-frauds-and-scams
CASES,https://www.ic3.gov/Home/ComplaintChoice
CASES,https://www.cftc.gov/PressRoom/PressReleases/opapressreleases
CASES,https://www.fca.org.uk/news/press-releases
CASES,https://www.fca.org.uk/publications/newsletters/enforcement-update
CASES,https://www.bankofengland.co.uk/news
CASES,https://www.esma.europa.eu/press-news/esma-news
CASES,https://www.ecb.europa.eu/press/pr/activities/ara/html/index.en.html
CASES,https://www.eba.europa.eu/about-us/legal-framework/supervisory-convergence/breach-of-eu-law
CASES,https://www.europol.europa.eu/crime-areas-and-statistics/crime-areas/economic-crime/fraud
CASES,https://www.interpol.int/en/Crimes/Financial-crime
CASES,https://www.interpol.int/en/News-and-Events/News
CASES,https://www.cftc.gov/LawRegulation/Enforcement/index.htm
CASES,https://www.finra.org/media-center/newsreleases
CASES,https://www.finra.org/rules-guidance/oversight-enforcement/finra-disciplinary-actions
CASES,https://www.occ.gov/news-issuances/news-releases/index-news-releases.html
CASES,https://www.occ.gov/topics/supervision-and-examination/bank-management/index-bank-management.html
CASES,https://www.bis.org/list/speeches/index.htm
CASES,https://www.fatf-gafi.org/en/home.html
CASES,https://www.fatf-gafi.org/en/publications.html
CASES,https://home.treasury.gov/news/press-releases
CASES,https://sanctionssearch.ofac.treas.gov
CASES,https://www.acfe.com/fraud-examiner-archives.aspx
CASES,https://www.acfe.com/case-studies.aspx
CASES,https://www.fraud-magazine.com
CASES,https://www.fraudconferencenews.com
CASES,https://www.amlrightsource.com/category/regulatory-updates
CASES,https://www.lexology.com/indepth/anti-money-laundering
CASES,https://www.lexology.com/indepth/banking-regulation
CASES,https://www.jdsupra.com/legalnews/topic/fraud
CASES,https://www.mondaq.com/financial-services/fraud
CASES,https://krebsonsecurity.com
CASES,https://krebsonsecurity.com/category/fraud
CASES,https://krebsonsecurity.com/tag/cybercrime
CASES,https://www.trendmicro.com/vinfo/us/security/news/cybercrime-and-digital-threats
CASES,https://www.bleepingcomputer.com/news/security
CASES,https://www.bankinfosecurity.com/latest-news-c-1
CASES,https://www.scmagazine.com/news/fraud
CASES,https://www.darkreading.com/threat-intelligence
CASES,https://threatpost.com/category/cybercrime
CASES,https://www.zdnet.com/topic/security
CASES,https://www.theregister.com/security
CASES,https://arstechnica.com/information-technology/security
CASES,https://www.wired.com/category/security
CASES,https://www.vice.com/en/topic/hacking
CASES,https://www.technologyreview.com/topic/security
CASES,https://www.cnet.com/topics/security
CASES,https://www.csoonline.com/article/data-breaches
CASES,https://www.csoonline.com/article/fraud
CASES,https://www.securitymagazine.com/topics/2236-fraud-news
CASES,https://www.helpnetsecurity.com/category/fraud
CASES,https://www.infosecurity-magazine.com/news
CASES,https://www.cyberscoop.com/tag/fraud
CASES,https://www.securityweek.com/category/fraud
CASES,https://www.computerweekly.com/news/Data-Breach
CASES,https://www.databreachtoday.com
CASES,https.//www.govinfosecurity.com
CASES,https://www.healthcareinfosecurity.com
CASES,https://www.reuters.com/technology/cybersecurity
CASES,https://www.reuters.com/markets/us/fraud
CASES,https://www.bloomberg.com/topics/cybercrime
CASES,https://www.bloomberg.com/topics/fraud
CASES,https://www.ft.com/fraud
CASES,https://www.wsj.com/news/types/cybersecurity
CASES,https://www.nytimes.com/topic/subject/computer-security
CASES,https://www.theguardian.com/technology/data-computer-security
CASES,https://www.bbc.com/news/technology
CASES,https://www.cnbc.com/cybersecurity
CASES,https://techcrunch.com/tag/cybersecurity
CASES,https://techcrunch.com/tag/fraud
CASES,https://www.theregister.com/security/fraud
CASES,https://www.scmp.com/topics/fraud
CASES,https://www.cpomagazine.com/category/cyber-security
CASES,https://www.pymnts.com/news/security-and-risk
CASES,https://www.pymnts.com/fraud-prevention
CASES,https://www.americanbanker.com/news/fraud
CASES,https://www.finextra.com/news/fraud
CASES,https://www.atmmarketplace.com/topics/fraud-security
CASES,https://www.paymentsjournal.com/category/fraud-security
CASES,https://www.digitaltransactions.net/category/fraud-prevention
CASES,https://www.cardnotpresent.com/category/fraud-security
CASES,https://www.cardforum.com/category/fraud-2
FUNDAMENTALS,https://en.wikipedia.org/wiki/Fraud_detection
FUNDAMENTALS,https://en.wikipedia.org/wiki/Credit_card_fraud
FUNDAMENTALS,https://en.wikipedia.org/wiki/Money_laundering
FUNDAMENTALS,https://en.wikipedia.org/wiki/Anti-money_laundering
FUNDAMENTALS,https://en.wikipedia.org/wiki/Know_your_customer
FUNDAMENTALS,https://en.wikipedia.org/wiki/Bank_Secrecy_Act
FUNDAMENTALS,https://en.wikipedia.org/wiki/Financial_Action_Task_Force
FUNDAMENTALS,https://en.wikipedia.org/wiki/Anomaly_detection
FUNDAMENTALS,https://en.wikipedia.org/wiki/Outlier
FUNDAMENTALS,https://en.wikipedia.org/wiki/Imbalanced_data
FUNDAMENTALS,https://en.wikipedia.org/wiki/Concept_drift
FUNDAMENTALS,https://en.wikipedia.org/wiki/Data_stream_mining
FUNDAMENTALS,https://en.wikipedia.org/wiki/Transfer_learning
FUNDAMENTALS,https://en.wikipedia.org/wiki/Domain_adaptation
FUNDAMENTALS,https://en.wikipedia.org/wiki/Few-shot_learning
FUNDAMENTALS,https://en.wikipedia.org/wiki/Federated_learning
FUNDAMENTALS,https://en.wikipedia.org/wiki/Graph_neural_network
FUNDAMENTALS,https://en.wikipedia.org/wiki/Autoencoder
FUNDAMENTALS,https://en.wikipedia.org/wiki/Isolation_forest
FUNDAMENTALS,https://en.wikipedia.org/wiki/One-class_classification
FUNDAMENTALS,https://en.wikipedia.org/wiki/Ensemble_learning
FUNDAMENTALS,https://en.wikipedia.org/wiki/Gradient_boosting
FUNDAMENTALS,https://en.wikipedia.org/wiki/Random_forest
FUNDAMENTALS,https://en.wikipedia.org/wiki/Support_vector_machine
FUNDAMENTALS,https://en.wikipedia.org/wiki/Neural_network
FUNDAMENTALS,https://en.wikipedia.org/wiki/Deep_learning
FUNDAMENTALS,https://en.wikipedia.org/wiki/Recurrent_neural_network
FUNDAMENTALS,https://en.wikipedia.org/wiki/Long_short-term_memory
FUNDAMENTALS,https://en.wikipedia.org/wiki/Transformer_(machine_learning_model)
FUNDAMENTALS,https://en.wikipedia.org/wiki/Attention_(machine_learning)
FUNDAMENTALS,https://en.wikipedia.org/wiki/Explainable_artificial_intelligence
FUNDAMENTALS,https://en.wikipedia.org/wiki/SHAP_(machine_learning)
FUNDAMENTALS,https://en.wikipedia.org/wiki/Precision_and_recall
FUNDAMENTALS,https://en.wikipedia.org/wiki/F-score
FUNDAMENTALS,https://en.wikipedia.org/wiki/Receiver_operating_characteristic
FUNDAMENTALS,https://en.wikipedia.org/wiki/Confusion_matrix
FUNDAMENTALS,https://en.wikipedia.org/wiki/Cross-validation_(statistics)
FUNDAMENTALS,https://en.wikipedia.org/wiki/Overfitting
FUNDAMENTALS,https://en.wikipedia.org/wiki/Regularization_(mathematics)
FUNDAMENTALS,https://en.wikipedia.org/wiki/Feature_engineering
FUNDAMENTALS,https://en.wikipedia.org/wiki/Feature_selection
FUNDAMENTALS,https://en.wikipedia.org/wiki/Dimensionality_reduction
FUNDAMENTALS,https://en.wikipedia.org/wiki/Principal_component_analysis
FUNDAMENTALS,https://en.wikipedia.org/wiki/Time_series
FUNDAMENTALS,https://en.wikipedia.org/wiki/Streaming_algorithm
FUNDAMENTALS,https://en.wikipedia.org/wiki/Online_machine_learning
FUNDAMENTALS,https://en.wikipedia.org/wiki/Reinforcement_learning
FUNDAMENTALS,https://en.wikipedia.org/wiki/Multi-armed_bandit
FUNDAMENTALS,https://en.wikipedia.org/wiki/A/B_testing
FUNDAMENTALS,https://en.wikipedia.org/wiki/Bayesian_network
FUNDAMENTALS,https://en.wikipedia.org/wiki/Hidden_Markov_model
FUNDAMENTALS,https://en.wikipedia.org/wiki/Markov_chain
FUNDAMENTALS,https://en.wikipedia.org/wiki/Monte_Carlo_method
FUNDAMENTALS,https://en.wikipedia.org/wiki/Sampling_(statistics)
FUNDAMENTALS,https://en.wikipedia.org/wiki/SMOTE
FUNDAMENTALS,https://en.wikipedia.org/wiki/Clustering
FUNDAMENTALS,https://en.wikipedia.org/wiki/K-means_clustering
FUNDAMENTALS,https://en.wikipedia.org/wiki/DBSCAN
FUNDAMENTALS,https://en.wikipedia.org/wiki/Hierarchical_clustering
FUNDAMENTALS,https://en.wikipedia.org/wiki/Graph_theory
FUNDAMENTALS,https://en.wikipedia.org/wiki/Community_structure
FUNDAMENTALS,https://en.wikipedia.org/wiki/PageRank
FUNDAMENTALS,https://en.wikipedia.org/wiki/Betweenness_centrality
FUNDAMENTALS,https://en.wikipedia.org/wiki/Network_theory
FUNDAMENTALS,https://en.wikipedia.org/wiki/Social_network_analysis
FUNDAMENTALS,https://distill.pub/2021/gnn-intro
FUNDAMENTALS,https://distill.pub/2021/understanding-gnns
FUNDAMENTALS,https://lilianweng.github.io/posts/2019-11-10-anomaly-detection
FUNDAMENTALS,https://lilianweng.github.io/posts/2017-08-20-gan
FUNDAMENTALS,https://christophm.github.io/interpretable-ml-book
FUNDAMENTALS,https://explained.ai
FUNDAMENTALS,https://www.deeplearning.ai/courses
FUNDAMENTALS,https://www.coursera.org/learn/machine-learning
FUNDAMENTALS,https://www.coursera.org/learn/machine-learning-anomaly-detection
FUNDAMENTALS,https://www.coursera.org/learn/fraud-detection
FUNDAMENTALS,https://www.coursera.org/specializations/deep-learning
FUNDAMENTALS,https://www.coursera.org/learn/nlp-sequence-models
FUNDAMENTALS,https://www.coursera.org/learn/convolutional-neural-networks
FUNDAMENTALS,https://www.udacity.com/course/deep-learning-nanodegree--nd101
FUNDAMENTALS,https://www.udacity.com/course/machine-learning-engineer-nanodegree--nd009t
FUNDAMENTALS,https://www.edx.org/learn/machine-learning
FUNDAMENTALS,https://www.edx.org/learn/artificial-intelligence
FUNDAMENTALS,https://www.fast.ai
FUNDAMENTALS,https://course.fast.ai
FUNDAMENTALS,https://www.deeplearningbook.org
FUNDAMENTALS,https://d2l.ai
FUNDAMENTALS,https://github.com/udacity/machine-learning
FUNDAMENTALS,https://github.com/ageron/handson-ml2
FUNDAMENTALS,https://github.com/jakevdp/PythonDataScienceHandbook
FUNDAMENTALS,https://scikit-learn.org/stable/modules/outlier_detection.html
FUNDAMENTALS,https://scikit-learn.org/stable/modules/ensemble.html
FUNDAMENTALS,https://scikit-learn.org/stable/auto_examples/index.html
FUNDAMENTALS,https://scikit-learn.org/stable/tutorial/machine_learning_map/index.html
FUNDAMENTALS,https://pytorch.org/tutorials
FUNDAMENTALS,https://pytorch.org/docs/stable/index.html
FUNDAMENTALS,https://pytorch-geometric.readthedocs.io/en/latest
FUNDAMENTALS,https://www.tensorflow.org/tutorials
FUNDAMENTALS,https://www.tensorflow.org/guide
FUNDAMENTALS,https://keras.io/examples
FUNDAMENTALS,https://keras.io/guides
FUNDAMENTALS,https://xgboost.readthedocs.io/en/stable
FUNDAMENTALS,https://lightgbm.readthedocs.io/en/latest
FUNDAMENTALS,https://catboost.ai/en/docs
