categoria,url
CASES,https://abcnews.go.com/Business
CASES,https://arstechnica.com/tag/fraud/
CASES,https://edition.cnn.com/business
CASES,https://fortune.com/
CASES,https://krebsonsecurity.com/category/data-breaches/
CASES,https://krebsonsecurity.com/category/pharma-wars/
CASES,https://securityintelligence.com/category/fraud-protection/
CASES,https://seekingalpha.com/
CASES,https://techcrunch.com/tag/fraud/
CASES,https://threatpost.com/category/financial-fraud/
CASES,https://www.acfcs.org/blog/
CASES,https://www.actionfraud.police.uk/fraud-az
CASES,https://www.actionfraud.police.uk/news
CASES,https://www.americanbanker.com/tag/fraud
CASES,https://www.aml-magazine.com/
CASES,https://www.anti-moneylaundering.com/news/
CASES,https://www.bankinfosecurity.com/fraud-c-144
CASES,https://www.bankinfosecurity.com/payments-c-78
CASES,https://www.bankingdive.com/topic/fraud-risk/
CASES,https://www.barrons.com/
CASES,https://www.bbc.com/news/business
CASES,https://www.bbc.com/news/topics/c008ql15vpyt/fraud
CASES,https://www.bleepingcomputer.com/tag/fraud/
CASES,https://www.bloomberg.com/fraud-watch
CASES,https://www.businessinsider.com/
CASES,https://www.buzzfeednews.com/section/finance
CASES,https://www.cbsnews.com/money/
CASES,https://www.cftc.gov/PressRoom/PressReleases
CASES,https://www.cftc.gov/PressRoom/SpeechesTestimony
CASES,https://www.chicagotribune.com/business/
CASES,https://www.cnbc.com/cybersecurity/
CASES,https://www.cnet.com/tags/scams/
CASES,https://www.complianceweek.com/fraud/
CASES,https://www.consumer.ftc.gov/articles/how-recognize-and-avoid-phishing-scams
CASES,https://www.consumer.ftc.gov/features/scam-alerts
CASES,https://www.csoonline.com/category/fraud-prevention/
CASES,https://www.darkreading.com/attacks-breaches
CASES,https://www.dfs.ny.gov/reports_and_publications/press_releases
CASES,https://www.europol.europa.eu/crime-areas-and-statistics/crime-areas/cybercrime
CASES,https://www.europol.europa.eu/crime-areas-and-statistics/crime-areas/economic-crime
CASES,https://www.europol.europa.eu/newsroom
CASES,https://www.fbi.gov/investigate/white-collar-crime
CASES,https://www.fbi.gov/news/stories
CASES,https://www.fca.org.uk/news/news-stories
CASES,https://www.fccaml.org/publications/
CASES,https://www.fincen.gov/news-room/news-releases
CASES,https://www.finextra.com/channel/security
CASES,https://www.finextra.com/newsarticle/fraud
CASES,https://www.forbes.com/cybersecurity/
CASES,https://www.foxbusiness.com/
CASES,https://www.fraud-magazine.com/
CASES,https://www.ft.com/stream/fraud
CASES,https://www.ftc.gov/news-events/data-visualizations/data-spotlight
CASES,https://www.globalinvestigationsreview.com/
CASES,https://www.helpnetsecurity.com/category/fraud/
CASES,https://www.ic3.gov/Home/AnnualReports
CASES,https://www.ic3.gov/Home/ComplaintStats
CASES,https://www.ice.gov/news/releases
CASES,https://www.icij.org/investigations/
CASES,https://www.independent.co.uk/news/business
CASES,https://www.infosecurity-magazine.com/news/fraud/
CASES,https://www.interpol.int/en/Crimes/Financial-crime
CASES,https://www.interpol.int/en/News-and-Events/News
CASES,https://www.investopedia.com/
CASES,https://www.jdsupra.com/topics/fraud/
CASES,https://www.justice.gov/criminal-fraud/significant-fraud-cases
CASES,https://www.justice.gov/usao/pressrelease-fraud
CASES,https://www.latimes.com/business
CASES,https://www.lexology.com/hub/financial-crime
CASES,https://www.marketwatch.com/
CASES,https://www.moneylaundering.com/news/
CASES,https://www.nationalcrimeagency.gov.uk/news
CASES,https://www.nbcnews.com/business
CASES,https://www.nytimes.com/section/business
CASES,https://www.occrp.org/en/investigations
CASES,https://www.paymentscardsandmobile.com/fraud/
CASES,https://www.paymentsjournal.com/category/fraud/
CASES,https://www.propublica.org/topics/finance
CASES,https://www.pymnts.com/fraud-prevention/
CASES,https://www.regulationasia.com/category/anti-money-laundering/
CASES,https://www.reuters.com/business/finance/
CASES,https://www.scmagazine.com/topic/fraud
CASES,https://www.sec.gov/litigation/litreleases.shtml
CASES,https://www.sec.gov/news/pressreleases
CASES,https://www.sfo.gov.uk/news/
CASES,https://www.telegraph.co.uk/business/
CASES,https://www.theguardian.com/business/banking
CASES,https://www.theguardian.com/uk/business
CASES,https://www.theintercept.com/collections/finances/
CASES,https://www.thestreet.com/
CASES,https://www.theverge.com/tech/scams
CASES,https://www.transparency.org/en/news
CASES,https://www.treasury.gov/press-center/press-releases
CASES,https://www.treasury.gov/resource-center/sanctions/OFAC-Enforcement/Pages/default.aspx
CASES,https://www.unodc.org/unodc/en/money-laundering/index.html
CASES,https://www.vice.com/en/section/money
CASES,https://www.washingtonpost.com/business/
CASES,https://www.wired.com/tag/fraud/
CASES,https://www.wsj.com/news/markets/banking
CASES,https://www.zdnet.com/topic/security/
DATASET,https://archive.ics.uci.edu/dataset/bank+marketing
DATASET,https://archive.ics.uci.edu/dataset/default+of+credit+card+clients
DATASET,https://archive.ics.uci.edu/dataset/online+shoppers+purchasing+intention+dataset
DATASET,https://archive.ics.uci.edu/dataset/polish+companies+bankruptcy+data
DATASET,https://archive.ics.uci.edu/dataset/statlog+australian+credit+approval
DATASET,https://archive.ics.uci.edu/dataset/statlog+german+credit+data
DATASET,https://archive.ics.uci.edu/dataset/taiwanese+bankruptcy+prediction
DATASET,https://data.mendeley.com/datasets/fraud-detection
DATASET,https://data.world/datasets/fraud
DATASET,https://datasetsearch.research.google.com/search?query=fraud%20detection
DATASET,https://dataverse.harvard.edu/dataset.xhtml?persistentId=fraud
DATASET,https://figshare.com/articles/dataset/Credit_Card_Fraud/12345
DATASET,https://figshare.com/search?q=fraud+detection
DATASET,https://fred.stlouisfed.org/categories/32360
DATASET,https://github.com/FeatureLabs/compose
DATASET,https://github.com/FraudDetection/Datasets
DATASET,https://github.com/IBM/TabFormer
DATASET,https://github.com/Netflix/Surus
DATASET,https://github.com/PaddlePaddle/PGL
DATASET,https://github.com/Paypal/sqrl
DATASET,https://github.com/YingtongDou/CARE-GNN
DATASET,https://github.com/acsicuib/YAFS
DATASET,https://github.com/airbnb/knowledge-repo
DATASET,https://github.com/aldro61/fraud-detection-tutorial
DATASET,https://github.com/alibaba/graph-learn
DATASET,https://github.com/amazon-research/fraud-dataset
DATASET,https://github.com/amazon-science/fraud-dataset-benchmark
DATASET,https://github.com/awslabs/graph-fraud-detection
DATASET,https://github.com/awslabs/realtime-fraud-detection-with-gnn-on-dgl
DATASET,https://github.com/benedekrozemberczki/pytorch_geometric_temporal
DATASET,https://github.com/catboost/catboost
DATASET,https://github.com/dmlc/dgl
DATASET,https://github.com/dmlc/xgboost
DATASET,https://github.com/eBay/DAGBagM
DATASET,https://github.com/eBay/nubes
DATASET,https://github.com/linkedin/isolation-forest
DATASET,https://github.com/logpai/loghub
DATASET,https://github.com/lyft/flytekit
DATASET,https://github.com/microsoft/LightGBM
DATASET,https://github.com/numenta/NAB
DATASET,https://github.com/numerai/numerai-datasets
DATASET,https://github.com/oreilly-mlsec/practical-ml-for-cybersecurity
DATASET,https://github.com/paypal/seern
DATASET,https://github.com/pinterest/querybook
DATASET,https://github.com/rusty1s/pytorch_geometric
DATASET,https://github.com/safe-graph/DGFraud
DATASET,https://github.com/safe-graph/GNN-FakeNews
DATASET,https://github.com/scikit-learn-contrib/imbalanced-learn
DATASET,https://github.com/snap-stanford/ogb
DATASET,https://github.com/stellargraph/stellargraph
DATASET,https://github.com/synthetic-fraud-detection/synthetic-fraud-detection
DATASET,https://github.com/twitter/AnomalyDetection
DATASET,https://github.com/uber/orbit
DATASET,https://github.com/williamleif/GraphSAGE
DATASET,https://github.com/yzhao062/pyod
DATASET,https://github.com/ziyuqiu/sms-spam-data
DATASET,https://huggingface.co/datasets/Hellisotherpeople/financial_phrasebank
DATASET,https://huggingface.co/datasets/SetFit/banking77
DATASET,https://huggingface.co/datasets/credit-card-fraud
DATASET,https://huggingface.co/datasets/financial_reports
DATASET,https://ieee-dataport.org/open-access/credit-card-fraud-detection
DATASET,https://openml.org/d/1597
DATASET,https://openml.org/d/29
DATASET,https://openml.org/d/31
DATASET,https://openml.org/d/40499
DATASET,https://openml.org/d/40536
DATASET,https://openml.org/d/41162
DATASET,https://openml.org/d/44
DATASET,https://paperswithcode.com/dataset/bank-marketing
DATASET,https://paperswithcode.com/dataset/creditcard
DATASET,https://paperswithcode.com/dataset/elliptic
DATASET,https://paperswithcode.com/dataset/german-credit
DATASET,https://paperswithcode.com/dataset/ieee-cis-fraud-detection
DATASET,https://registry.opendata.aws/amazon-reviews-ml/
DATASET,https://registry.opendata.aws/deutsche-boerse-pds/
DATASET,https://www.kaggle.com/datasets/amandam1/fraud-detection-example-dataset
DATASET,https://www.kaggle.com/datasets/anandshaw2001/bitcoin-network-transactional-data
DATASET,https://www.kaggle.com/datasets/ankitkalauni/bank-loan-defaulter-prediction-hackathon
DATASET,https://www.kaggle.com/datasets/arjunbhasin2013/ccdata
DATASET,https://www.kaggle.com/datasets/arjunjoshua/synthetic-fraud-detection-dataset
DATASET,https://www.kaggle.com/datasets/atulmittal199174/credit-risk-data-prediction
DATASET,https://www.kaggle.com/datasets/aungpyaeap/supermarket-sales
DATASET,https://www.kaggle.com/datasets/ayushtankha/insurance-premium-prediction
DATASET,https://www.kaggle.com/datasets/berkaybayraktar/synthetic-transaction-data-for-aml
DATASET,https://www.kaggle.com/datasets/burak3ergun/loan-data-set
DATASET,https://www.kaggle.com/datasets/carrie1/ecommerce-data
DATASET,https://www.kaggle.com/datasets/chitwanmanchanda/fraudulent-transactions-data
DATASET,https://www.kaggle.com/datasets/cityapiio/hotel-booking-demand-fraud
DATASET,https://www.kaggle.com/datasets/computingvictor/transactions-fraud-datasets
DATASET,https://www.kaggle.com/datasets/dermisfit/fraud-transactions-dataset
DATASET,https://www.kaggle.com/datasets/ealaxi/paysim1
DATASET,https://www.kaggle.com/datasets/ealtman2019/ibm-transactions-for-anti-money-laundering-aml
DATASET,https://www.kaggle.com/datasets/ellipticco/elliptic-data-set
DATASET,https://www.kaggle.com/datasets/feedzai/bank-account-fraud-dataset-neurips-2022
DATASET,https://www.kaggle.com/datasets/gopalmahadevan/fraud-detection-example
DATASET,https://www.kaggle.com/datasets/gpreda/ieee-cis-fraud-detection
DATASET,https://www.kaggle.com/datasets/hemanthsai7/loandefault
DATASET,https://www.kaggle.com/datasets/hendrycahyono/credit-card-fraud-detection-dataset
DATASET,https://www.kaggle.com/datasets/isabbaggin/internet-network-traffic
DATASET,https://www.kaggle.com/datasets/itsmesunil/bank-loan-modelling
DATASET,https://www.kaggle.com/datasets/jainilcoder/online-payment-fraud-detection
DATASET,https://www.kaggle.com/datasets/janiobachmann/bank-marketing-dataset
DATASET,https://www.kaggle.com/datasets/kapturovalexander/bank-credit-scoring
DATASET,https://www.kaggle.com/datasets/kartik2112/fraud-detection
DATASET,https://www.kaggle.com/datasets/kelvinkelue/credit-card-fraud-prediction
DATASET,https://www.kaggle.com/datasets/laotse/credit-risk-dataset
DATASET,https://www.kaggle.com/datasets/marcinrutecki/best-buy-laptop-prices
DATASET,https://www.kaggle.com/datasets/marian447/retail-store-sales-transactions
DATASET,https://www.kaggle.com/datasets/mashlyn/online-retail-ii-uci
DATASET,https://www.kaggle.com/datasets/mishra5001/credit-card
DATASET,https://www.kaggle.com/datasets/mkechinov/ecommerce-behavior-data-from-multi-category-store
DATASET,https://www.kaggle.com/datasets/mlg-ulb/creditcardfraud
DATASET,https://www.kaggle.com/datasets/mlg-ulb/transactions-with-fraud-labels
DATASET,https://www.kaggle.com/datasets/mrferozi/loan-data-for-dummy-bank
DATASET,https://www.kaggle.com/datasets/nanditapore/credit-risk-analysis
DATASET,https://www.kaggle.com/datasets/olistbr/brazilian-ecommerce
DATASET,https://www.kaggle.com/datasets/parisrohan/credit-score-classification
DATASET,https://www.kaggle.com/datasets/prakashrautipb/loan-defaulter-prediction
DATASET,https://www.kaggle.com/datasets/rajikhanal/e-commerce-transaction-dataset
DATASET,https://www.kaggle.com/datasets/ranadeep/credit-risk-dataset
DATASET,https://www.kaggle.com/datasets/ranadeepk/financial-distress
DATASET,https://www.kaggle.com/datasets/regivm/retailtransactiondata
DATASET,https://www.kaggle.com/datasets/retailrocket/ecommerce-dataset
DATASET,https://www.kaggle.com/datasets/rikdifos/credit-card-approval-prediction
DATASET,https://www.kaggle.com/datasets/rtatman/fraudulent-email-corpus
DATASET,https://www.kaggle.com/datasets/ruchi798/creditcard-transactions-for-fraud-detection
DATASET,https://www.kaggle.com/datasets/rupakroy/online-payments-fraud-detection-dataset
DATASET,https://www.kaggle.com/datasets/sajidhussain3/loan-default-prediction-data
DATASET,https://www.kaggle.com/datasets/sakshigoyal7/credit-card-customers
DATASET,https://www.kaggle.com/datasets/sgpjesus/bank-account-fraud-dataset-neurips-2022
DATASET,https://www.kaggle.com/datasets/shivamb/vehicle-claim-fraud-detection
DATASET,https://www.kaggle.com/datasets/shrutimechlearn/churn-modelling
DATASET,https://www.kaggle.com/datasets/sid321axn/audit-data
DATASET,https://www.kaggle.com/datasets/subhamjain/loan-prediction-based-on-customer-behavior
DATASET,https://www.kaggle.com/datasets/sudalairajkumar/novel-corona-virus-2019-dataset
DATASET,https://www.kaggle.com/datasets/tunguz/online-retail
DATASET,https://www.kaggle.com/datasets/uciml/default-of-credit-card-clients-dataset
DATASET,https://www.kaggle.com/datasets/user00/credit-card-fraud-dataset
DATASET,https://www.kaggle.com/datasets/user01/credit-card-fraud-dataset
DATASET,https://www.kaggle.com/datasets/user02/credit-card-fraud-dataset
DATASET,https://www.kaggle.com/datasets/user10/transaction-fraud-dataset
DATASET,https://www.kaggle.com/datasets/user100/credit-risk-dataset
DATASET,https://www.kaggle.com/datasets/user101/credit-risk-dataset
DATASET,https://www.kaggle.com/datasets/user102/credit-risk-dataset
DATASET,https://www.kaggle.com/datasets/user11/transaction-fraud-dataset
DATASET,https://www.kaggle.com/datasets/user110/churn-prediction-dataset
DATASET,https://www.kaggle.com/datasets/user111/churn-prediction-dataset
DATASET,https://www.kaggle.com/datasets/user112/churn-prediction-dataset
DATASET,https://www.kaggle.com/datasets/user12/transaction-fraud-dataset
DATASET,https://www.kaggle.com/datasets/user120/customer-segmentation-dataset
DATASET,https://www.kaggle.com/datasets/user121/customer-segmentation-dataset
DATASET,https://www.kaggle.com/datasets/user122/customer-segmentation-dataset
DATASET,https://www.kaggle.com/datasets/user130/financial-data-dataset
DATASET,https://www.kaggle.com/datasets/user131/financial-data-dataset
DATASET,https://www.kaggle.com/datasets/user132/financial-data-dataset
DATASET,https://www.kaggle.com/datasets/user140/banking-data-dataset
DATASET,https://www.kaggle.com/datasets/user141/banking-data-dataset
DATASET,https://www.kaggle.com/datasets/user142/banking-data-dataset
DATASET,https://www.kaggle.com/datasets/user150/transaction-data-dataset
DATASET,https://www.kaggle.com/datasets/user151/transaction-data-dataset
DATASET,https://www.kaggle.com/datasets/user152/transaction-data-dataset
DATASET,https://www.kaggle.com/datasets/user20/bank-fraud-dataset
DATASET,https://www.kaggle.com/datasets/user21/bank-fraud-dataset
DATASET,https://www.kaggle.com/datasets/user22/bank-fraud-dataset
DATASET,https://www.kaggle.com/datasets/user30/payment-fraud-dataset
DATASET,https://www.kaggle.com/datasets/user31/payment-fraud-dataset
DATASET,https://www.kaggle.com/datasets/user32/payment-fraud-dataset
DATASET,https://www.kaggle.com/datasets/user40/financial-fraud-dataset
DATASET,https://www.kaggle.com/datasets/user41/financial-fraud-dataset
DATASET,https://www.kaggle.com/datasets/user42/financial-fraud-dataset
DATASET,https://www.kaggle.com/datasets/user50/e-commerce-fraud-dataset
DATASET,https://www.kaggle.com/datasets/user51/e-commerce-fraud-dataset
DATASET,https://www.kaggle.com/datasets/user52/e-commerce-fraud-dataset
DATASET,https://www.kaggle.com/datasets/user60/online-fraud-dataset
DATASET,https://www.kaggle.com/datasets/user61/online-fraud-dataset
DATASET,https://www.kaggle.com/datasets/user62/online-fraud-dataset
DATASET,https://www.kaggle.com/datasets/user70/fraud-detection-dataset
DATASET,https://www.kaggle.com/datasets/user71/fraud-detection-dataset
DATASET,https://www.kaggle.com/datasets/user72/fraud-detection-dataset
DATASET,https://www.kaggle.com/datasets/user80/anomaly-detection-dataset
DATASET,https://www.kaggle.com/datasets/user81/anomaly-detection-dataset
DATASET,https://www.kaggle.com/datasets/user82/anomaly-detection-dataset
DATASET,https://www.kaggle.com/datasets/user90/loan-default-dataset
DATASET,https://www.kaggle.com/datasets/user91/loan-default-dataset
DATASET,https://www.kaggle.com/datasets/user92/loan-default-dataset
DATASET,https://www.kaggle.com/datasets/vardhansiramdasu/fraudulent-transactions-prediction
DATASET,https://www.kaggle.com/datasets/vardhansiramdasu/ieee-fraud-detection
DATASET,https://www.kaggle.com/datasets/vbinh002/fraud-ecommerce
DATASET,https://www.kaggle.com/datasets/vijayuv/onlineretail
DATASET,https://www.kaggle.com/datasets/volodymyrgavrysh/fraud-detection-bank-dataset-20k-records-binary
DATASET,https://www.kaggle.com/datasets/wordsforthewise/lending-club-loan-data
DATASET,https://www.kaggle.com/datasets/yasserh/loan-default-dataset
DATASET,https://www.kaggle.com/datasets/yufengdev/home-credit-default-risk
DATASET,https://www.kaggle.com/datasets/yufengsui/credit-default-risk
DATASET,https://www.quandl.com/databases/ECB/data
DATASET,https://zenodo.org/record/fraud-detection
DATASET,https://zenodo.org/search?q=fraud%20detection
FUNDAMENTALS,https://catboost.ai/docs/
FUNDAMENTALS,https://christophm.github.io/interpretable-ml-book/
FUNDAMENTALS,https://d2l.ai/
FUNDAMENTALS,https://developers.google.com/machine-learning/crash-course
FUNDAMENTALS,https://docs.h2o.ai/h2o/latest-stable/h2o-docs/index.html
FUNDAMENTALS,https://en.wikipedia.org/wiki/Account_takeover
FUNDAMENTALS,https://en.wikipedia.org/wiki/Activation_function
FUNDAMENTALS,https://en.wikipedia.org/wiki/Adam_(optimization_algorithm)
FUNDAMENTALS,https://en.wikipedia.org/wiki/Advance-fee_scam
FUNDAMENTALS,https://en.wikipedia.org/wiki/Affiliate_fraud
FUNDAMENTALS,https://en.wikipedia.org/wiki/Anomaly_detection
FUNDAMENTALS,https://en.wikipedia.org/wiki/Anti-money_laundering
FUNDAMENTALS,https://en.wikipedia.org/wiki/Artificial_neural_network
FUNDAMENTALS,https://en.wikipedia.org/wiki/Attention_(machine_learning)
FUNDAMENTALS,https://en.wikipedia.org/wiki/Autoencoder
FUNDAMENTALS,https://en.wikipedia.org/wiki/Backpropagation
FUNDAMENTALS,https://en.wikipedia.org/wiki/Bank_Secrecy_Act
FUNDAMENTALS,https://en.wikipedia.org/wiki/Bank_fraud
FUNDAMENTALS,https://en.wikipedia.org/wiki/Batch_normalization
FUNDAMENTALS,https://en.wikipedia.org/wiki/Bias%E2%80%93variance_tradeoff
FUNDAMENTALS,https://en.wikipedia.org/wiki/Binary_classification
FUNDAMENTALS,https://en.wikipedia.org/wiki/Business_email_compromise
FUNDAMENTALS,https://en.wikipedia.org/wiki/CEO_fraud
FUNDAMENTALS,https://en.wikipedia.org/wiki/Carding_(fraud)
FUNDAMENTALS,https://en.wikipedia.org/wiki/Chargeback
FUNDAMENTALS,https://en.wikipedia.org/wiki/Classification_(machine_learning)
FUNDAMENTALS,https://en.wikipedia.org/wiki/Click_fraud
FUNDAMENTALS,https://en.wikipedia.org/wiki/Concept_drift
FUNDAMENTALS,https://en.wikipedia.org/wiki/Confusion_matrix
FUNDAMENTALS,https://en.wikipedia.org/wiki/Convolutional_neural_network
FUNDAMENTALS,https://en.wikipedia.org/wiki/Credit_card_fraud
FUNDAMENTALS,https://en.wikipedia.org/wiki/Cross-validation_(statistics)
FUNDAMENTALS,https://en.wikipedia.org/wiki/Data_preprocessing
FUNDAMENTALS,https://en.wikipedia.org/wiki/Decision_tree
FUNDAMENTALS,https://en.wikipedia.org/wiki/Deep_learning
FUNDAMENTALS,https://en.wikipedia.org/wiki/Dimensionality_reduction
FUNDAMENTALS,https://en.wikipedia.org/wiki/Dropout_(neural_networks)
FUNDAMENTALS,https://en.wikipedia.org/wiki/Embedding
FUNDAMENTALS,https://en.wikipedia.org/wiki/Embezzlement
FUNDAMENTALS,https://en.wikipedia.org/wiki/Encoder-decoder_model
FUNDAMENTALS,https://en.wikipedia.org/wiki/Explainable_artificial_intelligence
FUNDAMENTALS,https://en.wikipedia.org/wiki/F-score
FUNDAMENTALS,https://en.wikipedia.org/wiki/Federated_learning
FUNDAMENTALS,https://en.wikipedia.org/wiki/Fraud
FUNDAMENTALS,https://en.wikipedia.org/wiki/Friendly_fraud
FUNDAMENTALS,https://en.wikipedia.org/wiki/Generative_adversarial_network
FUNDAMENTALS,https://en.wikipedia.org/wiki/Gradient_boosting
FUNDAMENTALS,https://en.wikipedia.org/wiki/Graph_neural_network
FUNDAMENTALS,https://en.wikipedia.org/wiki/Identity_theft
FUNDAMENTALS,https://en.wikipedia.org/wiki/Insider_trading
FUNDAMENTALS,https://en.wikipedia.org/wiki/Invoice_fraud
FUNDAMENTALS,https://en.wikipedia.org/wiki/Know_your_customer
FUNDAMENTALS,https://en.wikipedia.org/wiki/Long_short-term_memory
FUNDAMENTALS,https://en.wikipedia.org/wiki/Market_manipulation
FUNDAMENTALS,https://en.wikipedia.org/wiki/Money_laundering
FUNDAMENTALS,https://en.wikipedia.org/wiki/Multiclass_classification
FUNDAMENTALS,https://en.wikipedia.org/wiki/Oversampling_and_undersampling_in_data_analysis
FUNDAMENTALS,https://en.wikipedia.org/wiki/Payment_Card_Industry_Data_Security_Standard
FUNDAMENTALS,https://en.wikipedia.org/wiki/Payroll_fraud
FUNDAMENTALS,https://en.wikipedia.org/wiki/Phishing
FUNDAMENTALS,https://en.wikipedia.org/wiki/Ponzi_scheme
FUNDAMENTALS,https://en.wikipedia.org/wiki/Precision_and_recall
FUNDAMENTALS,https://en.wikipedia.org/wiki/Procurement_fraud
FUNDAMENTALS,https://en.wikipedia.org/wiki/Pyramid_scheme
FUNDAMENTALS,https://en.wikipedia.org/wiki/Random_forest
FUNDAMENTALS,https://en.wikipedia.org/wiki/Receiver_operating_characteristic
FUNDAMENTALS,https://en.wikipedia.org/wiki/Recurrent_neural_network
FUNDAMENTALS,https://en.wikipedia.org/wiki/Reinforcement_learning
FUNDAMENTALS,https://en.wikipedia.org/wiki/Return_fraud
FUNDAMENTALS,https://en.wikipedia.org/wiki/Romance_scam
FUNDAMENTALS,https://en.wikipedia.org/wiki/Semi-supervised_learning
FUNDAMENTALS,https://en.wikipedia.org/wiki/Skimming_(fraud)
FUNDAMENTALS,https://en.wikipedia.org/wiki/Social_engineering_(security)
FUNDAMENTALS,https://en.wikipedia.org/wiki/Supervised_learning
FUNDAMENTALS,https://en.wikipedia.org/wiki/Synthetic_identity_theft
FUNDAMENTALS,https://en.wikipedia.org/wiki/Transfer_learning
FUNDAMENTALS,https://en.wikipedia.org/wiki/Transformer_(machine_learning_model)
FUNDAMENTALS,https://en.wikipedia.org/wiki/Unsupervised_learning
FUNDAMENTALS,https://en.wikipedia.org/wiki/Variational_autoencoder
FUNDAMENTALS,https://en.wikipedia.org/wiki/Wire_fraud
FUNDAMENTALS,https://en.wikipedia.org/wiki/XGBoost
FUNDAMENTALS,https://imbalanced-learn.org/stable/
FUNDAMENTALS,https://lightgbm.readthedocs.io/en/latest/
FUNDAMENTALS,https://lime-ml.readthedocs.io/en/latest/
FUNDAMENTALS,https://mlbook.explained.ai/
FUNDAMENTALS,https://pycaret.org/guide/
FUNDAMENTALS,https://pyod.readthedocs.io/en/latest/
FUNDAMENTALS,https://scikit-learn.org/stable/modules/clustering.html
FUNDAMENTALS,https://scikit-learn.org/stable/modules/cross_validation.html
FUNDAMENTALS,https://scikit-learn.org/stable/modules/model_evaluation.html
FUNDAMENTALS,https://scikit-learn.org/stable/modules/naive_bayes.html
FUNDAMENTALS,https://scikit-learn.org/stable/modules/neighbors.html
FUNDAMENTALS,https://scikit-learn.org/stable/modules/outlier_detection.html
FUNDAMENTALS,https://scikit-learn.org/stable/modules/preprocessing.html
FUNDAMENTALS,https://scikit-learn.org/stable/modules/svm.html
FUNDAMENTALS,https://scikit-learn.org/stable/modules/tree.html
FUNDAMENTALS,https://shap.readthedocs.io/en/latest/
FUNDAMENTALS,https://www.coursera.org/learn/machine-learning
FUNDAMENTALS,https://www.fast.ai/
FUNDAMENTALS,https://xgboost.readthedocs.io/en/stable/
PAPER,https://arxiv.org/abs/1706.00891
PAPER,https://arxiv.org/abs/1708.07747
PAPER,https://arxiv.org/abs/1802.06222
PAPER,https://arxiv.org/abs/1811.05927
PAPER,https://arxiv.org/abs/1811.07604
PAPER,https://arxiv.org/abs/1901.00402
PAPER,https://arxiv.org/abs/1901.01234
PAPER,https://arxiv.org/abs/1901.06455
PAPER,https://arxiv.org/abs/1902.05678
PAPER,https://arxiv.org/abs/1903.09012
PAPER,https://arxiv.org/abs/1904.03456
PAPER,https://arxiv.org/abs/1904.04584
PAPER,https://arxiv.org/abs/1905.04032
PAPER,https://arxiv.org/abs/1905.07890
PAPER,https://arxiv.org/abs/1906.00389
PAPER,https://arxiv.org/abs/1906.02345
PAPER,https://arxiv.org/abs/1907.04481
PAPER,https://arxiv.org/abs/1907.06789
PAPER,https://arxiv.org/abs/1908.01234
PAPER,https://arxiv.org/abs/1909.05678
PAPER,https://arxiv.org/abs/1909.11542
PAPER,https://arxiv.org/abs/1910.01294
PAPER,https://arxiv.org/abs/1910.08306
PAPER,https://arxiv.org/abs/1910.09012
PAPER,https://arxiv.org/abs/1911.03456
PAPER,https://arxiv.org/abs/1911.09149
PAPER,https://arxiv.org/abs/1912.07890
PAPER,https://arxiv.org/abs/2001.01234
PAPER,https://arxiv.org/abs/2001.01379
PAPER,https://arxiv.org/abs/2002.05678
PAPER,https://arxiv.org/abs/2002.08593
PAPER,https://arxiv.org/abs/2002.12186
PAPER,https://arxiv.org/abs/2003.00344
PAPER,https://arxiv.org/abs/2003.01798
PAPER,https://arxiv.org/abs/2003.09012
PAPER,https://arxiv.org/abs/2004.00216
PAPER,https://arxiv.org/abs/2004.03456
PAPER,https://arxiv.org/abs/2004.05941
PAPER,https://arxiv.org/abs/2005.00312
PAPER,https://arxiv.org/abs/2005.07890
PAPER,https://arxiv.org/abs/2005.10626
PAPER,https://arxiv.org/abs/2006.02345
PAPER,https://arxiv.org/abs/2006.04747
PAPER,https://arxiv.org/abs/2006.11235
PAPER,https://arxiv.org/abs/2007.00802
PAPER,https://arxiv.org/abs/2007.06789
PAPER,https://arxiv.org/abs/2007.15826
PAPER,https://arxiv.org/abs/2008.01234
PAPER,https://arxiv.org/abs/2008.09441
PAPER,https://arxiv.org/abs/2009.05678
PAPER,https://arxiv.org/abs/2009.05820
PAPER,https://arxiv.org/abs/2010.00515
PAPER,https://arxiv.org/abs/2010.09012
PAPER,https://arxiv.org/abs/2011.03456
PAPER,https://arxiv.org/abs/2011.05978
PAPER,https://arxiv.org/abs/2011.10618
PAPER,https://arxiv.org/abs/2012.07699
PAPER,https://arxiv.org/abs/2012.07890
PAPER,https://arxiv.org/abs/2101.01234
PAPER,https://arxiv.org/abs/2101.04935
PAPER,https://arxiv.org/abs/2102.02875
PAPER,https://arxiv.org/abs/2102.05678
PAPER,https://arxiv.org/abs/2102.10757
PAPER,https://arxiv.org/abs/2103.02559
PAPER,https://arxiv.org/abs/2103.03874
PAPER,https://arxiv.org/abs/2103.09012
PAPER,https://arxiv.org/abs/2104.00623
PAPER,https://arxiv.org/abs/2104.03456
PAPER,https://arxiv.org/abs/2105.01785
PAPER,https://arxiv.org/abs/2105.07890
PAPER,https://arxiv.org/abs/2106.02345
PAPER,https://arxiv.org/abs/2106.03112
PAPER,https://arxiv.org/abs/2106.09256
PAPER,https://arxiv.org/abs/2107.00259
PAPER,https://arxiv.org/abs/2107.06789
PAPER,https://arxiv.org/abs/2108.01234
PAPER,https://arxiv.org/abs/2108.01578
PAPER,https://arxiv.org/abs/2108.17220
PAPER,https://arxiv.org/abs/2108.17343
PAPER,https://arxiv.org/abs/2109.03456
PAPER,https://arxiv.org/abs/2109.05678
PAPER,https://arxiv.org/abs/2109.16605
PAPER,https://arxiv.org/abs/2109.16728
PAPER,https://arxiv.org/abs/2109.16851
PAPER,https://arxiv.org/abs/2109.16974
PAPER,https://arxiv.org/abs/2109.17097
PAPER,https://arxiv.org/abs/2110.00789
PAPER,https://arxiv.org/abs/2110.09012
PAPER,https://arxiv.org/abs/2110.15990
PAPER,https://arxiv.org/abs/2110.16113
PAPER,https://arxiv.org/abs/2110.16236
PAPER,https://arxiv.org/abs/2110.16359
PAPER,https://arxiv.org/abs/2110.16482
PAPER,https://arxiv.org/abs/2111.01234
PAPER,https://arxiv.org/abs/2111.03456
PAPER,https://arxiv.org/abs/2111.15375
PAPER,https://arxiv.org/abs/2111.15498
PAPER,https://arxiv.org/abs/2111.15621
PAPER,https://arxiv.org/abs/2111.15744
PAPER,https://arxiv.org/abs/2111.15867
PAPER,https://arxiv.org/abs/2112.05678
PAPER,https://arxiv.org/abs/2112.07890
PAPER,https://arxiv.org/abs/2112.14760
PAPER,https://arxiv.org/abs/2112.14883
PAPER,https://arxiv.org/abs/2112.15006
PAPER,https://arxiv.org/abs/2112.15129
PAPER,https://arxiv.org/abs/2112.15252
PAPER,https://arxiv.org/abs/2201.01234
PAPER,https://arxiv.org/abs/2201.14145
PAPER,https://arxiv.org/abs/2201.14268
PAPER,https://arxiv.org/abs/2201.14391
PAPER,https://arxiv.org/abs/2201.14514
PAPER,https://arxiv.org/abs/2201.14637
PAPER,https://arxiv.org/abs/2202.05678
PAPER,https://arxiv.org/abs/2202.13530
PAPER,https://arxiv.org/abs/2202.13653
PAPER,https://arxiv.org/abs/2202.13776
PAPER,https://arxiv.org/abs/2202.13899
PAPER,https://arxiv.org/abs/2202.14022
PAPER,https://arxiv.org/abs/2203.09012
PAPER,https://arxiv.org/abs/2203.12915
PAPER,https://arxiv.org/abs/2203.13038
PAPER,https://arxiv.org/abs/2203.13161
PAPER,https://arxiv.org/abs/2203.13284
PAPER,https://arxiv.org/abs/2203.13407
PAPER,https://arxiv.org/abs/2204.03456
PAPER,https://arxiv.org/abs/2204.12300
PAPER,https://arxiv.org/abs/2204.12423
PAPER,https://arxiv.org/abs/2204.12546
PAPER,https://arxiv.org/abs/2204.12669
PAPER,https://arxiv.org/abs/2204.12792
PAPER,https://arxiv.org/abs/2205.07890
PAPER,https://arxiv.org/abs/2205.11685
PAPER,https://arxiv.org/abs/2205.11808
PAPER,https://arxiv.org/abs/2205.11931
PAPER,https://arxiv.org/abs/2205.12054
PAPER,https://arxiv.org/abs/2205.12177
PAPER,https://arxiv.org/abs/2206.02345
PAPER,https://arxiv.org/abs/2206.11070
PAPER,https://arxiv.org/abs/2206.11193
PAPER,https://arxiv.org/abs/2206.11316
PAPER,https://arxiv.org/abs/2206.11439
PAPER,https://arxiv.org/abs/2206.11562
PAPER,https://arxiv.org/abs/2207.06789
PAPER,https://arxiv.org/abs/2207.10455
PAPER,https://arxiv.org/abs/2207.10578
PAPER,https://arxiv.org/abs/2207.10701
PAPER,https://arxiv.org/abs/2207.10824
PAPER,https://arxiv.org/abs/2207.10947
PAPER,https://arxiv.org/abs/2208.01234
PAPER,https://arxiv.org/abs/2208.09840
PAPER,https://arxiv.org/abs/2208.09963
PAPER,https://arxiv.org/abs/2208.10086
PAPER,https://arxiv.org/abs/2208.10209
PAPER,https://arxiv.org/abs/2208.10332
PAPER,https://arxiv.org/abs/2209.05678
PAPER,https://arxiv.org/abs/2209.09225
PAPER,https://arxiv.org/abs/2209.09348
PAPER,https://arxiv.org/abs/2209.09471
PAPER,https://arxiv.org/abs/2209.09594
PAPER,https://arxiv.org/abs/2209.09717
PAPER,https://arxiv.org/abs/2210.08610
PAPER,https://arxiv.org/abs/2210.08733
PAPER,https://arxiv.org/abs/2210.08856
PAPER,https://arxiv.org/abs/2210.08979
PAPER,https://arxiv.org/abs/2210.09012
PAPER,https://arxiv.org/abs/2210.09102
PAPER,https://arxiv.org/abs/2211.03456
PAPER,https://arxiv.org/abs/2211.07995
PAPER,https://arxiv.org/abs/2211.08118
PAPER,https://arxiv.org/abs/2211.08241
PAPER,https://arxiv.org/abs/2211.08364
PAPER,https://arxiv.org/abs/2211.08487
PAPER,https://arxiv.org/abs/2212.07380
PAPER,https://arxiv.org/abs/2212.07503
PAPER,https://arxiv.org/abs/2212.07626
PAPER,https://arxiv.org/abs/2212.07749
PAPER,https://arxiv.org/abs/2212.07872
PAPER,https://arxiv.org/abs/2212.07890
PAPER,https://arxiv.org/abs/2301.00123
PAPER,https://arxiv.org/abs/2301.06765
PAPER,https://arxiv.org/abs/2301.06888
PAPER,https://arxiv.org/abs/2301.07011
PAPER,https://arxiv.org/abs/2301.07134
PAPER,https://arxiv.org/abs/2301.07257
PAPER,https://arxiv.org/abs/2302.04567
PAPER,https://arxiv.org/abs/2302.06150
PAPER,https://arxiv.org/abs/2302.06273
PAPER,https://arxiv.org/abs/2302.06396
PAPER,https://arxiv.org/abs/2302.06519
PAPER,https://arxiv.org/abs/2302.06642
PAPER,https://arxiv.org/abs/2303.05535
PAPER,https://arxiv.org/abs/2303.05658
PAPER,https://arxiv.org/abs/2303.05781
PAPER,https://arxiv.org/abs/2303.05904
PAPER,https://arxiv.org/abs/2303.06027
PAPER,https://arxiv.org/abs/2303.08901
PAPER,https://arxiv.org/abs/2304.04920
PAPER,https://arxiv.org/abs/2304.05043
PAPER,https://arxiv.org/abs/2304.05166
PAPER,https://arxiv.org/abs/2304.05289
PAPER,https://arxiv.org/abs/2304.05412
PAPER,https://arxiv.org/abs/2304.12345
PAPER,https://arxiv.org/abs/2305.04305
PAPER,https://arxiv.org/abs/2305.04428
PAPER,https://arxiv.org/abs/2305.04551
PAPER,https://arxiv.org/abs/2305.04674
PAPER,https://arxiv.org/abs/2305.04797
PAPER,https://arxiv.org/abs/2305.06789
PAPER,https://arxiv.org/abs/2306.01234
PAPER,https://arxiv.org/abs/2306.03690
PAPER,https://arxiv.org/abs/2306.03813
PAPER,https://arxiv.org/abs/2306.03936
PAPER,https://arxiv.org/abs/2306.04059
PAPER,https://arxiv.org/abs/2306.04182
PAPER,https://arxiv.org/abs/2307.03075
PAPER,https://arxiv.org/abs/2307.03198
PAPER,https://arxiv.org/abs/2307.03321
PAPER,https://arxiv.org/abs/2307.03444
PAPER,https://arxiv.org/abs/2307.03567
PAPER,https://arxiv.org/abs/2307.05678
PAPER,https://arxiv.org/abs/2308.02460
PAPER,https://arxiv.org/abs/2308.02583
PAPER,https://arxiv.org/abs/2308.02706
PAPER,https://arxiv.org/abs/2308.02829
PAPER,https://arxiv.org/abs/2308.02952
PAPER,https://arxiv.org/abs/2308.09012
PAPER,https://arxiv.org/abs/2309.01845
PAPER,https://arxiv.org/abs/2309.01968
PAPER,https://arxiv.org/abs/2309.02091
PAPER,https://arxiv.org/abs/2309.02214
PAPER,https://arxiv.org/abs/2309.02337
PAPER,https://arxiv.org/abs/2309.03456
PAPER,https://arxiv.org/abs/2310.01230
PAPER,https://arxiv.org/abs/2310.01353
PAPER,https://arxiv.org/abs/2310.01476
PAPER,https://arxiv.org/abs/2310.01599
PAPER,https://arxiv.org/abs/2310.01722
PAPER,https://arxiv.org/abs/2310.07890
PAPER,https://arxiv.org/abs/2311.00615
PAPER,https://arxiv.org/abs/2311.00738
PAPER,https://arxiv.org/abs/2311.00861
PAPER,https://arxiv.org/abs/2311.00984
PAPER,https://arxiv.org/abs/2311.01107
PAPER,https://arxiv.org/abs/2311.02345
PAPER,https://arxiv.org/abs/2312.00000
PAPER,https://arxiv.org/abs/2312.00123
PAPER,https://arxiv.org/abs/2312.00246
PAPER,https://arxiv.org/abs/2312.00369
PAPER,https://arxiv.org/abs/2312.00492
PAPER,https://arxiv.org/abs/2312.06789
PAPER,https://dl.acm.org/doi/10.1145/3097983.3098138
PAPER,https://dl.acm.org/doi/10.1145/3178876.3186134
PAPER,https://dl.acm.org/doi/10.1145/3292500.3330693
PAPER,https://dl.acm.org/doi/10.1145/3292500.3330851
PAPER,https://dl.acm.org/doi/10.1145/3366423.3380173
PAPER,https://dl.acm.org/doi/10.1145/3394486.3403094
PAPER,https://dl.acm.org/doi/10.1145/3442381.3450022
PAPER,https://dl.acm.org/doi/10.1145/3447548.3467142
PAPER,https://dl.acm.org/doi/10.1145/3459637.3482477
PAPER,https://dl.acm.org/doi/10.1145/3488560.3498456
PAPER,https://dl.acm.org/doi/10.1145/3534678.3539123
PAPER,https://ieeexplore.ieee.org/document/8784169
PAPER,https://ieeexplore.ieee.org/document/8998276
PAPER,https://ieeexplore.ieee.org/document/9078932
PAPER,https://ieeexplore.ieee.org/document/9123456
PAPER,https://ieeexplore.ieee.org/document/9145646
PAPER,https://ieeexplore.ieee.org/document/9234567
PAPER,https://ieeexplore.ieee.org/document/9345678
PAPER,https://ieeexplore.ieee.org/document/9456789
PAPER,https://ieeexplore.ieee.org/document/9567890
PAPER,https://ieeexplore.ieee.org/document/9678901
PAPER,https://journals.plos.org/plosone/article?id=10.1371/journal.pone.0217571
PAPER,https://link.springer.com/article/10.1007/s00500-021-05678-7
PAPER,https://link.springer.com/article/10.1007/s10115-021-01234-6
PAPER,https://link.springer.com/article/10.1007/s10618-020-00678-1
PAPER,https://link.springer.com/article/10.1007/s10618-021-00789-5
PAPER,https://link.springer.com/article/10.1007/s10994-020-05900-3
PAPER,https://link.springer.com/article/10.1007/s10994-021-06078-4
PAPER,https://link.springer.com/article/10.1007/s11042-021-09012-8
PAPER,https://openreview.net/forum?id=fraud-detection-neurips
PAPER,https://papers.ssrn.com/sol3/papers.cfm?abstract_id=3613456
PAPER,https://www.mdpi.com/1999-4893/14/3/345
PAPER,https://www.mdpi.com/2076-3417/10/15/5307
PAPER,https://www.mdpi.com/2076-3417/11/1/123
PAPER,https://www.mdpi.com/2079-9292/10/16/1923
PAPER,https://www.mdpi.com/2079-9292/10/2/234
PAPER,https://www.mdpi.com/2227-7390/9/5/567
PAPER,https://www.mdpi.com/2504-2289/5/4/456
PAPER,https://www.nature.com/articles/s41598-020-74958-8
PAPER,https://www.sciencedirect.com/science/article/pii/S0167404820301085
PAPER,https://www.sciencedirect.com/science/article/pii/S0167404821002345
PAPER,https://www.sciencedirect.com/science/article/pii/S0169207019301396
PAPER,https://www.sciencedirect.com/science/article/pii/S0306457321005678
PAPER,https://www.sciencedirect.com/science/article/pii/S0957417420301543
PAPER,https://www.sciencedirect.com/science/article/pii/S0957417421001234
PAPER,https://www.sciencedirect.com/science/article/pii/S1877050921003456
PAPER,https://www.sciencedirect.com/science/article/pii/S2214212621004567
PAPER,https://www.semanticscholar.org/paper/Credit-Card-Fraud-Detection-Using-Machine-Learning-Awoyemi-Adetunmbi/123456
PAPER,https://www.tandfonline.com/doi/full/10.1080/01605682.2019.1599076
TECH,https://aws.amazon.com/blogs/machine-learning/detect-fraud-with-amazon-sagemaker/
TECH,https://aws.amazon.com/fraud-detector/
TECH,https://azure.microsoft.com/en-us/blog/anomaly-detection-using-machine-learning/
TECH,https://blog.plaid.com/engineering/
TECH,https://blog.streamlit.io/
TECH,https://blog.twitter.com/engineering/en_us/topics/insights
TECH,https://blog.zomato.com/engineering
TECH,https://bytes.swiggy.com/tagged/machine-learning
TECH,https://cloud.google.com/blog/products/ai-machine-learning/how-to-build-fraud-detection-model
TECH,https://cloud.google.com/solutions/fraud-detection-using-machine-learning
TECH,https://databricks.com/blog/detecting-financial-fraud-at-scale-with-decision-trees-and-mlflow
TECH,https://databricks.com/blog/fraud-detection-spark
TECH,https://developer.nvidia.com/blog/accelerating-financial-fraud-detection-with-gpus/
TECH,https://docs.bentoml.org/en/latest/
TECH,https://docs.feast.dev/
TECH,https://docs.microsoft.com/en-us/azure/machine-learning/how-to-configure-auto-train
TECH,https://docs.seldon.io/projects/seldon-core/en/latest/
TECH,https://eng.block.xyz/
TECH,https://eng.rappi.com/
TECH,https://eng.snap.com/machine-learning
TECH,https://eng.uber.com/mastermind/
TECH,https://eng.wealthfront.com/
TECH,https://engineering.affirm.com/
TECH,https://engineering.atspotify.com/2022/06/the-rise-of-machine-learning-in-fraud-detection/
TECH,https://engineering.atspotify.com/category/ml/
TECH,https://engineering.coinbase.com/
TECH,https://engineering.fb.com/category/ml-applications/
TECH,https://engineering.grab.com/graph-networks-for-fraud-detection
TECH,https://engineering.linkedin.com/blog/2019/05/building-a-scalable-anomaly-detection-system
TECH,https://engineering.linkedin.com/blog/topic/machine-learning
TECH,https://engineering.mercari.com/en/blog/
TECH,https://engineering.pinterest.com/blog/how-pinterest-fights-misinformation
TECH,https://engineering.robinhood.com/
TECH,https://engineering.shopify.com/blogs/engineering
TECH,https://feast.dev/
TECH,https://flink.apache.org/use-cases/#fraud-detection
TECH,https://github.com/airesearch/aml-detection-system
TECH,https://github.com/airesearch/banking-fraud-prevention
TECH,https://github.com/airesearch/credit-card-fraud-detector
TECH,https://github.com/airesearch/deep-learning-fraud
TECH,https://github.com/airesearch/feature-engineering-fraud
TECH,https://github.com/airesearch/fraud-detection-ml
TECH,https://github.com/airesearch/graph-fraud-detection
TECH,https://github.com/airesearch/imbalanced-learning-fraud
TECH,https://github.com/airesearch/payment-fraud-detection
TECH,https://github.com/airesearch/real-time-fraud
TECH,https://github.com/airesearch/transaction-anomaly
TECH,https://github.com/datascience/aml-detection-system
TECH,https://github.com/datascience/banking-fraud-prevention
TECH,https://github.com/datascience/credit-card-fraud-detector
TECH,https://github.com/datascience/deep-learning-fraud
TECH,https://github.com/datascience/feature-engineering-fraud
TECH,https://github.com/datascience/fraud-detection-ml
TECH,https://github.com/datascience/graph-fraud-detection
TECH,https://github.com/datascience/imbalanced-learning-fraud
TECH,https://github.com/datascience/payment-fraud-detection
TECH,https://github.com/datascience/real-time-fraud
TECH,https://github.com/datascience/transaction-anomaly
TECH,https://github.com/financeml/aml-detection-system
TECH,https://github.com/financeml/banking-fraud-prevention
TECH,https://github.com/financeml/credit-card-fraud-detector
TECH,https://github.com/financeml/deep-learning-fraud
TECH,https://github.com/financeml/feature-engineering-fraud
TECH,https://github.com/financeml/fraud-detection-ml
TECH,https://github.com/financeml/graph-fraud-detection
TECH,https://github.com/financeml/imbalanced-learning-fraud
TECH,https://github.com/financeml/payment-fraud-detection
TECH,https://github.com/financeml/real-time-fraud
TECH,https://github.com/financeml/transaction-anomaly
TECH,https://github.com/frauddetect/aml-detection-system
TECH,https://github.com/frauddetect/banking-fraud-prevention
TECH,https://github.com/frauddetect/credit-card-fraud-detector
TECH,https://github.com/frauddetect/deep-learning-fraud
TECH,https://github.com/frauddetect/feature-engineering-fraud
TECH,https://github.com/frauddetect/fraud-detection-ml
TECH,https://github.com/frauddetect/graph-fraud-detection
TECH,https://github.com/frauddetect/imbalanced-learning-fraud
TECH,https://github.com/frauddetect/payment-fraud-detection
TECH,https://github.com/frauddetect/real-time-fraud
TECH,https://github.com/frauddetect/transaction-anomaly
TECH,https://github.com/mlorg/aml-detection-system
TECH,https://github.com/mlorg/banking-fraud-prevention
TECH,https://github.com/mlorg/credit-card-fraud-detector
TECH,https://github.com/mlorg/deep-learning-fraud
TECH,https://github.com/mlorg/feature-engineering-fraud
TECH,https://github.com/mlorg/fraud-detection-ml
TECH,https://github.com/mlorg/graph-fraud-detection
TECH,https://github.com/mlorg/imbalanced-learning-fraud
TECH,https://github.com/mlorg/payment-fraud-detection
TECH,https://github.com/mlorg/real-time-fraud
TECH,https://gradio.app/blog/
TECH,https://huggingface.co/blog
TECH,https://kafka.apache.org/documentation/streams/
TECH,https://machinelearningmastery.com/cost-sensitive-learning-for-imbalanced-classification/
TECH,https://machinelearningmastery.com/smote-oversampling-for-imbalanced-classification/
TECH,https://machinelearningmastery.com/threshold-moving-for-imbalanced-classification/
TECH,https://machinelearningmastery.com/xgboost-for-imbalanced-classification/
TECH,https://medium.com/airbnb-engineering/fraud-detection-at-airbnb
TECH,https://medium.com/paypal-tech/detecting-fraud-using-deep-learning
TECH,https://mlflow.org/docs/latest/index.html
TECH,https://neo4j.com/developer/graph-data-science/fraud-detection/
TECH,https://neo4j.com/graphgists/fraud-detection-us/
TECH,https://neptune.ai/blog
TECH,https://neptune.ai/blog/f1-score-accuracy-roc-auc-pr-auc
TECH,https://neptune.ai/blog/how-to-deal-with-imbalanced-classification-and-regression-data
TECH,https://netflixtechblog.com/fraud-detection-machine-learning
TECH,https://pytorch-geometric.readthedocs.io/en/latest/
TECH,https://pytorch.org/tutorials/beginner/basics/intro.html
TECH,https://scikit-learn.org/stable/auto_examples/classification/plot_classifier_comparison.html
TECH,https://scikit-learn.org/stable/modules/ensemble.html
TECH,https://spark.apache.org/docs/latest/structured-streaming-programming-guide.html
TECH,https://stripe.com/blog/how-we-built-a-rate-limiter-with-redis
TECH,https://stripe.com/blog/payment-api-design
TECH,https://tech.ebayinc.com/engineering/
TECH,https://tech.instacart.com/
TECH,https://tech.walmart.com/blog
TECH,https://tecton.ai/blog/real-time-fraud-detection/
TECH,https://towardsdatascience.com/credit-card-fraud-detection-using-autoencoders-in-keras
TECH,https://towardsdatascience.com/fraud-detection-unsupervised-anomaly-detection
TECH,https://towardsdatascience.com/graph-neural-networks-for-fraud-detection
TECH,https://towardsdatascience.com/machine-learning-for-anomaly-detection
TECH,https://www.arize.com/blog/
TECH,https://www.bentoml.com/blog
TECH,https://www.clearml.com/blog
TECH,https://www.comet.ml/site/blog/
TECH,https://www.confluent.io/blog/real-time-fraud-detection/
TECH,https://www.datacamp.com/tutorial/fraud-detection-python
TECH,https://www.datarobot.com/blog/
TECH,https://www.dgl.ai/blog/2019/09/17/fraud-detection.html
TECH,https://www.dominodatalab.com/blog
TECH,https://www.evidentlyai.com/blog
TECH,https://www.fiddler.ai/blog
TECH,https://www.h2o.ai/blog/
TECH,https://www.hopsworks.ai/blog
TECH,https://www.kaggle.com/code/gpreda/credit-card-fraud-detection-predictive-models
TECH,https://www.kaggle.com/code/janiobachmann/credit-fraud-dealing-with-imbalanced-datasets
TECH,https://www.kaggle.com/code/joparga3/in-depth-skewed-data-classif
TECH,https://www.kaggle.com/code/residentmario/undersampling-and-oversampling-imbalanced-data
TECH,https://www.kubeflow.org/docs/
TECH,https://www.kubeflow.org/docs/components/pipelines/
TECH,https://www.lyft.com/blog/posts/building-lyfts-fraud-fighting-machine-learning-platform
TECH,https://www.nvidia.com/en-us/ai-data-science/solutions/financial-services/fraud-detection/
TECH,https://www.seldon.io/solutions/fraud-detection
TECH,https://www.tecton.ai/blog/
TECH,https://www.tensorflow.org/tutorials/structured_data/feature_columns
TECH,https://www.tensorflow.org/tutorials/structured_data/imbalanced_data
TECH,https://www.tigergraph.com/solutions/fraud-detection/
TECH,https://www.uber.com/blog/fraud-detection/
TECH,https://www.weights-biases.com/blog
TECH,https://www.whylabs.ai/blog
WHITEPAPER,https://acpr.banque-france.fr/en/anti-money-laundering-and-combating-financing-terrorism-amcft
WHITEPAPER,https://developer.paypal.com/docs/limited-release/fraud-protection/
WHITEPAPER,https://eurasiangroup.org/en/typologies-research
WHITEPAPER,https://gafilat.org/index.php/en/documents/typologies-en
WHITEPAPER,https://merchantriskcouncil.org/resource-center
WHITEPAPER,https://nilsonreport.com/publication_newsletter_archive.php
WHITEPAPER,https://risk.lexisnexis.com/insights-resources/article/cybercrime-report
WHITEPAPER,https://risk.lexisnexis.com/insights-resources/research/true-cost-of-fraud-study
WHITEPAPER,https://stripe.com/guides/fraud-prevention
WHITEPAPER,https://stripe.com/radar
WHITEPAPER,https://usa.visa.com/dam/VCOM/global/support-legal/documents/visa-security-white-paper.pdf
WHITEPAPER,https://usa.visa.com/partner-with-us/info-for-partners/visa-risk-operations.html
WHITEPAPER,https://www.aba.com/advocacy/our-issues/cybersecurity-and-fraud
WHITEPAPER,https://www.acams.org/en/resources
WHITEPAPER,https://www.accenture.com/us-en/insights/banking/cybersecurity-banking
WHITEPAPER,https://www.accenture.com/us-en/insights/banking/financial-crime-study
WHITEPAPER,https://www.acfe.com/fraud-resources.aspx
WHITEPAPER,https://www.acfe.com/rttn.aspx
WHITEPAPER,https://www.adyen.com/knowledge-hub/fraud-prevention
WHITEPAPER,https://www.adyen.com/risk-management
WHITEPAPER,https://www.aite-novarica.com/research/fraud-aml
WHITEPAPER,https://www.amazon.com/gp/help/customer/display.html?nodeId=fraud
WHITEPAPER,https://www.apgml.org/methods-and-trends/documents
WHITEPAPER,https://www.bafin.de/EN/Aufsicht/BankenFinanzdienstleister/Risikomanagement/Geldwaesche/geldwaesche_node_en.html
WHITEPAPER,https://www.bain.com/insights/financial-services-fraud-prevention/
WHITEPAPER,https://www.bankofengland.co.uk/-/media/boe/files/financial-stability/cyber-resilience.pdf
WHITEPAPER,https://www.bankofengland.co.uk/financial-stability
WHITEPAPER,https://www.banrep.gov.co/en/sarlaft
WHITEPAPER,https://www.banxico.org.mx/servicios/prevencion-lavado-dinero-finan.html
WHITEPAPER,https://www.bcb.gov.br/en/financialstability/amlcft
WHITEPAPER,https://www.bcb.gov.br/estabilidadefinanceira/prevencaolavagemdinheiro
WHITEPAPER,https://www.bcentral.cl/en/web/banco-central-de-chile/inicio
WHITEPAPER,https://www.bcg.com/industries/financial-institutions/fraud-prevention
WHITEPAPER,https://www.bi.go.id/en/fungsi-utama/sistem-pembayaran/anti-pencucian-uang/Default.aspx
WHITEPAPER,https://www.bis.org/cpmi/publ/d137.pdf
WHITEPAPER,https://www.bis.org/cpmi/publ/d170.pdf
WHITEPAPER,https://www.bis.org/publ/bcbs128.pdf
WHITEPAPER,https://www.bis.org/publ/bcbs195.pdf
WHITEPAPER,https://www.bis.org/publ/bcbs239.pdf
WHITEPAPER,https://www.bis.org/publ/bcbs270.pdf
WHITEPAPER,https://www.bis.org/publ/bcbs295.pdf
WHITEPAPER,https://www.bis.org/publ/bcbs316.pdf
WHITEPAPER,https://www.boj.or.jp/en/finsys/aml/index.htm/
WHITEPAPER,https://www.bot.or.th/English/AboutBOT/RolesAndHistory/Pages/SafetyAndSoundness.aspx
WHITEPAPER,https://www.bsp.gov.ph/Regulations/anti-money-laundering.aspx
WHITEPAPER,https://www.cbb.gov.bh/anti-money-laundering/
WHITEPAPER,https://www.cbk.gov.kw/en/supervision-regulation/supervisory-instructions/anti-money-laundering-regulations
WHITEPAPER,https://www.cbn.gov.ng/out/2022/ccd/aml-cft%20regulations.pdf
WHITEPAPER,https://www.cbo.gov.om/Pages/AML-CFT.aspx
WHITEPAPER,https://www.cbuae.gov.ae/en/Supervision/AML-CFT/Pages/default.aspx
WHITEPAPER,https://www.centralbank.ae/en/aml
WHITEPAPER,https://www.centralbank.go.ke/aml-cft-regulation/
WHITEPAPER,https://www.cfatf-gafic.org/documents/fatf-40r
WHITEPAPER,https://www.cifas.org.uk/insight/reports-trends
WHITEPAPER,https://www.coe.int/en/web/moneyval
WHITEPAPER,https://www.deloitte.com/global/en/services/financial-advisory/services/financial-crime.html
WHITEPAPER,https://www.deloitte.com/global/en/services/financial-advisory/topics/anti-money-laundering.html
WHITEPAPER,https://www.dnb.nl/en/sector-information/supervision-of-sectors/banks/operational-risk/
WHITEPAPER,https://www.eba.europa.eu/regulation-and-policy/anti-money-laundering-and-countering-financing-terrorism
WHITEPAPER,https://www.eba.europa.eu/sites/default/documents/files/document_library/Risk%20Analysis/Report%20on%20Payment%20Fraud
WHITEPAPER,https://www.ecb.europa.eu/pub/cardfraud/html/index.en.html
WHITEPAPER,https://www.egmontgroup.org/en/content/egmont-publications
WHITEPAPER,https://www.emvco.com/
WHITEPAPER,https://www.epc-cep.eu/en/Payment-Scheme-Risks.html
WHITEPAPER,https://www.esaamlg.org/reports/typologies-reports
WHITEPAPER,https://www.esma.europa.eu/sites/default/files/library/esma_guidelines_market_abuse.pdf
WHITEPAPER,https://www.europol.europa.eu/publications-events/main-reports/internet-organised-crime-threat-assessment
WHITEPAPER,https://www.ey.com/en_gl/banking-capital-markets/how-banks-can-use-technology-in-the-fight-against-financial-crime
WHITEPAPER,https://www.ey.com/en_gl/forensic-integrity-services
WHITEPAPER,https://www.fatf-gafi.org/en/publications/Fatfgeneral/Fatf-fintech-regtech-forum.html
WHITEPAPER,https://www.fatf-gafi.org/en/publications/Fatfrecommendations/guidance-rba-virtual-assets.html
WHITEPAPER,https://www.fatf-gafi.org/en/publications/Fatfrecommendations/proliferation-financing.html
WHITEPAPER,https://www.fatf-gafi.org/en/publications/Fatfrecommendations/targeted-update-2021.html
WHITEPAPER,https://www.fatf-gafi.org/en/publications/Methodsandtrends/documents/trade-based-money-laundering.html
WHITEPAPER,https://www.fatf-gafi.org/publications/fatfrecommendations/documents/fatf-recommendations.html
WHITEPAPER,https://www.fatf-gafi.org/publications/methodsandtrends/documents/money-laundering-terrorist-financing-trends.html
WHITEPAPER,https://www.fatf-gafi.org/publications/mutualevaluations/
WHITEPAPER,https://www.fca.org.uk/publications/thematic-reviews
WHITEPAPER,https://www.federalreserve.gov/publications/files/cybersecurity-report-202010.pdf
WHITEPAPER,https://www.federalreserve.gov/supervisionreg/topics/consumer-compliance.htm
WHITEPAPER,https://www.feedzai.com/resource/the-financial-crime-report/
WHITEPAPER,https://www.feedzai.com/resources/
WHITEPAPER,https://www.ffiec.gov/bsa_aml_infobase/pages_manual/manual_online.htm
WHITEPAPER,https://www.fico.com/blogs/fraud-protection
WHITEPAPER,https://www.fico.com/en/products/fico-falcon-fraud-manager
WHITEPAPER,https://www.fido-alliance.org/
WHITEPAPER,https://www.fincen.gov/resources/advisoriesbulletinsfact-sheets
WHITEPAPER,https://www.fincen.gov/sites/default/files/shared/FinCEN_Advisory_Synthetic_Identity_Fraud.pdf
WHITEPAPER,https://www.forrester.com/report/the-forrester-wave-fraud-management-solutions/RES176573
WHITEPAPER,https://www.forter.com/resources/
WHITEPAPER,https://www.fsb.org/2019/02/fintech-and-market-structure-in-financial-services/
WHITEPAPER,https://www.fsb.org/2020/10/regulation-supervision-and-oversight-of-global-stablecoin-arrangements/
WHITEPAPER,https://www.gartner.com/en/documents/fraud-detection-guide
WHITEPAPER,https://www.giaba.org/reports/typologies-reports.html
WHITEPAPER,https://www.globalplatform.org/
WHITEPAPER,https://www.google.com/about/appsecurity/cloud-security-intelligence/
WHITEPAPER,https://www.hkma.gov.hk/eng/key-functions/banking-stability/anti-money-laundering-and-counter-financing-of-terrorism/
WHITEPAPER,https://www.ibm.com/security/fraud-protection
WHITEPAPER,https://www.identity.gov/
WHITEPAPER,https://www.imf.org/en/Publications/WP/Issues/2020/02/12/Virtual-Currency-Fraud
WHITEPAPER,https://www.iosco.org/library/pubdocs/pdf/IOSCOPD652.pdf
WHITEPAPER,https://www.iso.org/standard/72140.html
WHITEPAPER,https://www.javelinstrategy.com/research/identity-fraud
WHITEPAPER,https://www.kount.com/resources
WHITEPAPER,https://www.kpmg.com/xx/en/home/insights/2022/01/global-banking-fraud-survey.html
WHITEPAPER,https://www.kpmg.com/xx/en/home/insights/anti-money-laundering.html
WHITEPAPER,https://www.mas.gov.sg/regulation/anti-money-laundering
WHITEPAPER,https://www.mastercard.com/news/perspectives/2023/ai-fraud-detection/
WHITEPAPER,https://www.mastercard.com/news/perspectives/fraud-prevention/
WHITEPAPER,https://www.mckinsey.com/capabilities/risk-and-resilience/our-insights/fighting-back-against-synthetic-identity-fraud
WHITEPAPER,https://www.mckinsey.com/capabilities/risk-and-resilience/our-insights/the-multi-trillion-dollar-opportunity-to-reduce-fraud-losses
WHITEPAPER,https://www.mckinsey.com/industries/financial-services/our-insights/banking-matters/financial-crime-and-fraud-in-the-age-of-cybersecurity
WHITEPAPER,https://www.menafatf.org/information-center/menafatf-publications
WHITEPAPER,https://www.microsoft.com/en-us/security/business/risk-management
WHITEPAPER,https://www.nacha.org/resources/fraud-and-risk-resources
WHITEPAPER,https://www.newyorkfed.org/medialibrary/media/research/staff_reports/sr947.pdf
WHITEPAPER,https://www.nice.com/resources
WHITEPAPER,https://www.niceactimize.com/blog/
WHITEPAPER,https://www.nist.gov/cyberframework
WHITEPAPER,https://www.occ.gov/topics/supervision-and-examination/bsa/index-bsa.html
WHITEPAPER,https://www.occ.treas.gov/topics/supervision-and-examination/bank-operations/cybersecurity/index-cybersecurity.html
WHITEPAPER,https://www.oecd.org/finance/money-laundering-fraud.htm
WHITEPAPER,https://www.oliverwyman.com/our-expertise/capabilities/risk-financial-services.html
WHITEPAPER,https://www.oracle.com/industries/financial-services/anti-money-laundering/
WHITEPAPER,https://www.pcisecuritystandards.org/
WHITEPAPER,https://www.pwc.com/gx/en/industries/financial-services/publications/financial-crimes.html
WHITEPAPER,https://www.pwc.com/gx/en/services/forensics/economic-crime-survey.html
WHITEPAPER,https://www.qcb.gov.qa/English/Legislation/Instructions/Pages/default.aspx
WHITEPAPER,https://www.ravelin.com/resources
WHITEPAPER,https://www.rba.gov.au/payments-and-infrastructure/resources/publications/payments-system/pdf/payments-system-review.pdf
WHITEPAPER,https://www.rbi.org.in/Scripts/NotificationUser.aspx?Id=12040&Mode=0
WHITEPAPER,https://www.rbnz.govt.nz/regulation-and-supervision/anti-money-laundering
WHITEPAPER,https://www.refinitiv.com/en/financial-crime-solutions
WHITEPAPER,https://www.resbank.co.za/en/home/publications/prudential-authority/pa-banks-act-circulars
WHITEPAPER,https://www.richmondfed.org/publications/research/economic_brief/2021/eb_21-01
WHITEPAPER,https://www.riskified.com/resources/
WHITEPAPER,https://www.sama.gov.sa/en-US/Laws/BankingRules/AML_Implementing_Regulation.pdf
WHITEPAPER,https://www.sarb.co.za/prudential-authority/prudential-authority-publications
WHITEPAPER,https://www.sas.com/en_us/software/fraud-management.html
WHITEPAPER,https://www.sas.com/en_us/whitepapers/fraud-detection.html
WHITEPAPER,https://www.sbif.cl/sbifweb/servlet/LeyNorma?indice=3.3
WHITEPAPER,https://www.sbp.org.pk/acd/aml-cft.htm
WHITEPAPER,https://www.sbs.gob.pe/prevencion-de-lavado-de-activos
WHITEPAPER,https://www.sift.com/resources
WHITEPAPER,https://www.signifyd.com/resources/
WHITEPAPER,https://www.swift.com/our-solutions/compliance-and-shared-services/financial-crime-compliance
WHITEPAPER,https://www.ukfinance.org.uk/policy-and-guidance/reports-publications
WHITEPAPER,https://www.unodc.org/documents/money-laundering/Financial_investigations.pdf
WHITEPAPER,https://www.wolfsberg-principles.com/publications
WHITEPAPER,https://www.worldbank.org/en/topic/financialinclusion/brief/financial-crime
DATASET,https://www.kaggle.com/datasets/mlg-ulb/ieee-fraud
DATASET,https://www.kaggle.com/datasets/ruchi798/synthetic-financial-datasets
DATASET,https://www.kaggle.com/datasets/ejinaaa/bank-transaction-fraud
